foldset,H,B,F,end,embargo,fold,n_windows,n_pos,n_distinct_surg,base_rate
main,90,0,30,cons_2023-12-31,none,train,7408,70,40,0.009449244060475162
main,90,0,30,cons_2023-12-31,none,valid,2180,23,13,0.01055045871559633
main,90,0,30,cons_2023-12-31,none,test,4540,65,39,0.014317180616740088
main,90,0,30,cons_2023-12-31,strict,train,7408,70,40,0.009449244060475162
main,90,0,30,cons_2023-12-31,strict,valid,2180,23,13,0.01055045871559633
main,90,0,30,cons_2023-12-31,strict,test,4540,65,39,0.014317180616740088
main,90,0,30,e0a_2024-12-31,none,train,7408,70,40,0.009449244060475162
main,90,0,30,e0a_2024-12-31,none,valid,2180,23,13,0.01055045871559633
main,90,0,30,e0a_2024-12-31,none,test,4540,65,39,0.014317180616740088
main,90,0,30,e0a_2024-12-31,strict,train,7408,70,40,0.009449244060475162
main,90,0,30,e0a_2024-12-31,strict,valid,2180,23,13,0.01055045871559633
main,90,0,30,e0a_2024-12-31,strict,test,4540,65,39,0.014317180616740088
main,90,0,365,cons_2023-12-31,none,train,13289,138,60,0.010384528557453533
main,90,0,365,cons_2023-12-31,none,valid,3660,35,17,0.009562841530054645
main,90,0,365,cons_2023-12-31,none,test,8011,118,52,0.014729746598427162
main,90,0,365,cons_2023-12-31,strict,train,13289,138,60,0.010384528557453533
main,90,0,365,cons_2023-12-31,strict,valid,3660,35,17,0.009562841530054645
main,90,0,365,cons_2023-12-31,strict,test,8011,118,52,0.014729746598427162
main,90,0,365,e0a_2024-12-31,none,train,13289,138,60,0.010384528557453533
main,90,0,365,e0a_2024-12-31,none,valid,3660,35,17,0.009562841530054645
main,90,0,365,e0a_2024-12-31,none,test,8011,118,52,0.014729746598427162
main,90,0,365,e0a_2024-12-31,strict,train,13289,138,60,0.010384528557453533
main,90,0,365,e0a_2024-12-31,strict,valid,3660,35,17,0.009562841530054645
main,90,0,365,e0a_2024-12-31,strict,test,8011,118,52,0.014729746598427162
main,90,0,730,cons_2023-12-31,none,train,15159,143,60,0.009433339930074542
main,90,0,730,cons_2023-12-31,none,valid,4360,36,18,0.008256880733944955
main,90,0,730,cons_2023-12-31,none,test,9689,119,52,0.012281969243471979
main,90,0,730,cons_2023-12-31,strict,train,15159,143,60,0.009433339930074542
main,90,0,730,cons_2023-12-31,strict,valid,4360,36,18,0.008256880733944955
main,90,0,730,cons_2023-12-31,strict,test,9689,119,52,0.012281969243471979
main,90,0,730,e0a_2024-12-31,none,train,15159,143,60,0.009433339930074542
main,90,0,730,e0a_2024-12-31,none,valid,4360,36,18,0.008256880733944955
main,90,0,730,e0a_2024-12-31,none,test,9689,119,52,0.012281969243471979
main,90,0,730,e0a_2024-12-31,strict,train,15159,143,60,0.009433339930074542
main,90,0,730,e0a_2024-12-31,strict,valid,4360,36,18,0.008256880733944955
main,90,0,730,e0a_2024-12-31,strict,test,9689,119,52,0.012281969243471979
main,90,0,INF,cons_2023-12-31,none,train,16434,143,60,0.008701472556894244
main,90,0,INF,cons_2023-12-31,none,valid,5826,38,19,0.006522485410230003
main,90,0,INF,cons_2023-12-31,none,test,13899,121,53,0.008705662277861717
main,90,0,INF,cons_2023-12-31,strict,train,16434,143,60,0.008701472556894244
main,90,0,INF,cons_2023-12-31,strict,valid,5826,38,19,0.006522485410230003
main,90,0,INF,cons_2023-12-31,strict,test,13899,121,53,0.008705662277861717
main,90,0,INF,e0a_2024-12-31,none,train,16434,143,60,0.008701472556894244
main,90,0,INF,e0a_2024-12-31,none,valid,5826,38,19,0.006522485410230003
main,90,0,INF,e0a_2024-12-31,none,test,13899,121,53,0.008705662277861717
main,90,0,INF,e0a_2024-12-31,strict,train,16434,143,60,0.008701472556894244
main,90,0,INF,e0a_2024-12-31,strict,valid,5826,38,19,0.006522485410230003
main,90,0,INF,e0a_2024-12-31,strict,test,13899,121,53,0.008705662277861717
main,90,30,30,cons_2023-12-31,none,train,7408,44,32,0.005939524838012959
main,90,30,30,cons_2023-12-31,none,valid,2180,17,10,0.007798165137614679
main,90,30,30,cons_2023-12-31,none,test,4540,49,33,0.01079295154185022
main,90,30,30,cons_2023-12-31,strict,train,7408,44,32,0.005939524838012959
main,90,30,30,cons_2023-12-31,strict,valid,2180,17,10,0.007798165137614679
main,90,30,30,cons_2023-12-31,strict,test,4540,49,33,0.01079295154185022
main,90,30,30,e0a_2024-12-31,none,train,7408,44,32,0.005939524838012959
main,90,30,30,e0a_2024-12-31,none,valid,2180,17,10,0.007798165137614679
main,90,30,30,e0a_2024-12-31,none,test,4540,49,33,0.01079295154185022
main,90,30,30,e0a_2024-12-31,strict,train,7408,44,32,0.005939524838012959
main,90,30,30,e0a_2024-12-31,strict,valid,2180,17,10,0.007798165137614679
main,90,30,30,e0a_2024-12-31,strict,test,4540,49,33,0.01079295154185022
main,90,30,365,cons_2023-12-31,none,train,13289,87,51,0.00654676800361201
main,90,30,365,cons_2023-12-31,none,valid,3660,23,13,0.006284153005464481
main,90,30,365,cons_2023-12-31,none,test,8011,75,44,0.009362127075271502
main,90,30,365,cons_2023-12-31,strict,train,13289,87,51,0.00654676800361201
main,90,30,365,cons_2023-12-31,strict,valid,3660,23,13,0.006284153005464481
main,90,30,365,cons_2023-12-31,strict,test,8011,75,44,0.009362127075271502
main,90,30,365,e0a_2024-12-31,none,train,13289,87,51,0.00654676800361201
main,90,30,365,e0a_2024-12-31,none,valid,3660,23,13,0.006284153005464481
main,90,30,365,e0a_2024-12-31,none,test,8011,75,44,0.009362127075271502
main,90,30,365,e0a_2024-12-31,strict,train,13289,87,51,0.00654676800361201
main,90,30,365,e0a_2024-12-31,strict,valid,3660,23,13,0.006284153005464481
main,90,30,365,e0a_2024-12-31,strict,test,8011,75,44,0.009362127075271502
main,90,30,730,cons_2023-12-31,none,train,15159,91,53,0.006003034500956527
main,90,30,730,cons_2023-12-31,none,valid,4360,23,13,0.005275229357798165
main,90,30,730,cons_2023-12-31,none,test,9689,76,44,0.007843946743730004
main,90,30,730,cons_2023-12-31,strict,train,15159,91,53,0.006003034500956527
main,90,30,730,cons_2023-12-31,strict,valid,4360,23,13,0.005275229357798165
main,90,30,730,cons_2023-12-31,strict,test,9689,76,44,0.007843946743730004
main,90,30,730,e0a_2024-12-31,none,train,15159,91,53,0.006003034500956527
main,90,30,730,e0a_2024-12-31,none,valid,4360,23,13,0.005275229357798165
main,90,30,730,e0a_2024-12-31,none,test,9689,76,44,0.007843946743730004
main,90,30,730,e0a_2024-12-31,strict,train,15159,91,53,0.006003034500956527
main,90,30,730,e0a_2024-12-31,strict,valid,4360,23,13,0.005275229357798165
main,90,30,730,e0a_2024-12-31,strict,test,9689,76,44,0.007843946743730004
main,90,30,INF,cons_2023-12-31,none,train,16434,91,53,0.0055373007180236095
main,90,30,INF,cons_2023-12-31,none,valid,5826,25,14,0.004291108822519739
main,90,30,INF,cons_2023-12-31,none,test,13899,78,45,0.005611914526224908
main,90,30,INF,cons_2023-12-31,strict,train,16434,91,53,0.0055373007180236095
main,90,30,INF,cons_2023-12-31,strict,valid,5826,25,14,0.004291108822519739
main,90,30,INF,cons_2023-12-31,strict,test,13899,78,45,0.005611914526224908
main,90,30,INF,e0a_2024-12-31,none,train,16434,91,53,0.0055373007180236095
main,90,30,INF,e0a_2024-12-31,none,valid,5826,25,14,0.004291108822519739
main,90,30,INF,e0a_2024-12-31,none,test,13899,78,45,0.005611914526224908
main,90,30,INF,e0a_2024-12-31,strict,train,16434,91,53,0.0055373007180236095
main,90,30,INF,e0a_2024-12-31,strict,valid,5826,25,14,0.004291108822519739
main,90,30,INF,e0a_2024-12-31,strict,test,13899,78,45,0.005611914526224908
main,90,60,30,cons_2023-12-31,none,train,7408,18,18,0.002429805615550756
main,90,60,30,cons_2023-12-31,none,valid,2180,7,7,0.003211009174311927
main,90,60,30,cons_2023-12-31,none,test,4540,22,22,0.004845814977973568
main,90,60,30,cons_2023-12-31,strict,train,7408,18,18,0.002429805615550756
main,90,60,30,cons_2023-12-31,strict,valid,2180,7,7,0.003211009174311927
main,90,60,30,cons_2023-12-31,strict,test,4540,22,22,0.004845814977973568
main,90,60,30,e0a_2024-12-31,none,train,7408,18,18,0.002429805615550756
main,90,60,30,e0a_2024-12-31,none,valid,2180,7,7,0.003211009174311927
main,90,60,30,e0a_2024-12-31,none,test,4540,22,22,0.004845814977973568
main,90,60,30,e0a_2024-12-31,strict,train,7408,18,18,0.002429805615550756
main,90,60,30,e0a_2024-12-31,strict,valid,2180,7,7,0.003211009174311927
main,90,60,30,e0a_2024-12-31,strict,test,4540,22,22,0.004845814977973568
main,90,60,365,cons_2023-12-31,none,train,13289,40,40,0.0030100082775227632
main,90,60,365,cons_2023-12-31,none,valid,3660,11,11,0.003005464480874317
main,90,60,365,cons_2023-12-31,none,test,8011,34,34,0.004244164274123081
main,90,60,365,cons_2023-12-31,strict,train,13289,40,40,0.0030100082775227632
main,90,60,365,cons_2023-12-31,strict,valid,3660,11,11,0.003005464480874317
main,90,60,365,cons_2023-12-31,strict,test,8011,34,34,0.004244164274123081
main,90,60,365,e0a_2024-12-31,none,train,13289,40,40,0.0030100082775227632
main,90,60,365,e0a_2024-12-31,none,valid,3660,11,11,0.003005464480874317
main,90,60,365,e0a_2024-12-31,none,test,8011,34,34,0.004244164274123081
main,90,60,365,e0a_2024-12-31,strict,train,13289,40,40,0.0030100082775227632
main,90,60,365,e0a_2024-12-31,strict,valid,3660,11,11,0.003005464480874317
main,90,60,365,e0a_2024-12-31,strict,test,8011,34,34,0.004244164274123081
main,90,60,730,cons_2023-12-31,none,train,15159,42,42,0.002770631308133782
main,90,60,730,cons_2023-12-31,none,valid,4360,11,11,0.002522935779816514
main,90,60,730,cons_2023-12-31,none,test,9689,35,35,0.0036123438951388173
main,90,60,730,cons_2023-12-31,strict,train,15159,42,42,0.002770631308133782
main,90,60,730,cons_2023-12-31,strict,valid,4360,11,11,0.002522935779816514
main,90,60,730,cons_2023-12-31,strict,test,9689,35,35,0.0036123438951388173
main,90,60,730,e0a_2024-12-31,none,train,15159,42,42,0.002770631308133782
main,90,60,730,e0a_2024-12-31,none,valid,4360,11,11,0.002522935779816514
main,90,60,730,e0a_2024-12-31,none,test,9689,35,35,0.0036123438951388173
main,90,60,730,e0a_2024-12-31,strict,train,15159,42,42,0.002770631308133782
main,90,60,730,e0a_2024-12-31,strict,valid,4360,11,11,0.002522935779816514
main,90,60,730,e0a_2024-12-31,strict,test,9689,35,35,0.0036123438951388173
main,90,60,INF,cons_2023-12-31,none,train,16434,42,42,0.002555677254472435
main,90,60,INF,cons_2023-12-31,none,valid,5826,12,12,0.0020597322348094747
main,90,60,INF,cons_2023-12-31,none,test,13899,36,36,0.0025901143967191884
main,90,60,INF,cons_2023-12-31,strict,train,16434,42,42,0.002555677254472435
main,90,60,INF,cons_2023-12-31,strict,valid,5826,12,12,0.0020597322348094747
main,90,60,INF,cons_2023-12-31,strict,test,13899,36,36,0.0025901143967191884
main,90,60,INF,e0a_2024-12-31,none,train,16434,42,42,0.002555677254472435
main,90,60,INF,e0a_2024-12-31,none,valid,5826,12,12,0.0020597322348094747
main,90,60,INF,e0a_2024-12-31,none,test,13899,36,36,0.0025901143967191884
main,90,60,INF,e0a_2024-12-31,strict,train,16434,42,42,0.002555677254472435
main,90,60,INF,e0a_2024-12-31,strict,valid,5826,12,12,0.0020597322348094747
main,90,60,INF,e0a_2024-12-31,strict,test,13899,36,36,0.0025901143967191884
main,150,0,30,cons_2023-12-31,none,train,7408,102,44,0.01376889848812095
main,150,0,30,cons_2023-12-31,none,valid,2180,31,14,0.014220183486238533
main,150,0,30,cons_2023-12-31,none,test,4103,89,43,0.02169144528393858
main,150,0,30,cons_2023-12-31,strict,train,7408,102,44,0.01376889848812095
main,150,0,30,cons_2023-12-31,strict,valid,2180,31,14,0.014220183486238533
main,150,0,30,cons_2023-12-31,strict,test,4103,89,43,0.02169144528393858
main,150,0,30,e0a_2024-12-31,none,train,7408,102,44,0.01376889848812095
main,150,0,30,e0a_2024-12-31,none,valid,2180,31,14,0.014220183486238533
main,150,0,30,e0a_2024-12-31,none,test,4540,95,43,0.02092511013215859
main,150,0,30,e0a_2024-12-31,strict,train,7408,102,44,0.01376889848812095
main,150,0,30,e0a_2024-12-31,strict,valid,2180,31,14,0.014220183486238533
main,150,0,30,e0a_2024-12-31,strict,test,4540,95,43,0.02092511013215859
main,150,0,365,cons_2023-12-31,none,train,13289,205,62,0.015426292422304162
main,150,0,365,cons_2023-12-31,none,valid,3660,47,17,0.012841530054644808
main,150,0,365,cons_2023-12-31,none,test,7349,156,56,0.021227377874540754
main,150,0,365,cons_2023-12-31,strict,train,13289,205,62,0.015426292422304162
main,150,0,365,cons_2023-12-31,strict,valid,3660,47,17,0.012841530054644808
main,150,0,365,cons_2023-12-31,strict,test,7349,156,56,0.021227377874540754
main,150,0,365,e0a_2024-12-31,none,train,13289,205,62,0.015426292422304162
main,150,0,365,e0a_2024-12-31,none,valid,3660,47,17,0.012841530054644808
main,150,0,365,e0a_2024-12-31,none,test,8011,162,56,0.020222194482586442
main,150,0,365,e0a_2024-12-31,strict,train,13289,205,62,0.015426292422304162
main,150,0,365,e0a_2024-12-31,strict,valid,3660,47,17,0.012841530054644808
main,150,0,365,e0a_2024-12-31,strict,test,8011,162,56,0.020222194482586442
main,150,0,730,cons_2023-12-31,none,train,15159,212,62,0.013985091364865756
main,150,0,730,cons_2023-12-31,none,valid,4360,49,18,0.011238532110091744
main,150,0,730,cons_2023-12-31,none,test,8870,159,56,0.017925591882750846
main,150,0,730,cons_2023-12-31,strict,train,15159,212,62,0.013985091364865756
main,150,0,730,cons_2023-12-31,strict,valid,4360,49,18,0.011238532110091744
main,150,0,730,cons_2023-12-31,strict,test,8870,159,56,0.017925591882750846
main,150,0,730,e0a_2024-12-31,none,train,15159,212,62,0.013985091364865756
main,150,0,730,e0a_2024-12-31,none,valid,4360,49,18,0.011238532110091744
main,150,0,730,e0a_2024-12-31,none,test,9689,165,56,0.017029621219940137
main,150,0,730,e0a_2024-12-31,strict,train,15159,212,62,0.013985091364865756
main,150,0,730,e0a_2024-12-31,strict,valid,4360,49,18,0.011238532110091744
main,150,0,730,e0a_2024-12-31,strict,test,9689,165,56,0.017029621219940137
main,150,0,INF,cons_2023-12-31,none,train,16434,212,62,0.012900085189241815
main,150,0,INF,cons_2023-12-31,none,valid,5826,53,19,0.009097150703741846
main,150,0,INF,cons_2023-12-31,none,test,12647,161,57,0.012730291768798925
main,150,0,INF,cons_2023-12-31,strict,train,16434,212,62,0.012900085189241815
main,150,0,INF,cons_2023-12-31,strict,valid,5826,53,19,0.009097150703741846
main,150,0,INF,cons_2023-12-31,strict,test,12647,161,57,0.012730291768798925
main,150,0,INF,e0a_2024-12-31,none,train,16434,212,62,0.012900085189241815
main,150,0,INF,e0a_2024-12-31,none,valid,5826,53,19,0.009097150703741846
main,150,0,INF,e0a_2024-12-31,none,test,13899,167,57,0.01201525289589179
main,150,0,INF,e0a_2024-12-31,strict,train,16434,212,62,0.012900085189241815
main,150,0,INF,e0a_2024-12-31,strict,valid,5826,53,19,0.009097150703741846
main,150,0,INF,e0a_2024-12-31,strict,test,13899,167,57,0.01201525289589179
main,150,30,30,cons_2023-12-31,none,train,7408,76,37,0.010259179265658747
main,150,30,30,cons_2023-12-31,none,valid,2180,25,11,0.011467889908256881
main,150,30,30,cons_2023-12-31,none,test,4103,74,37,0.018035583719229833
main,150,30,30,cons_2023-12-31,strict,train,7408,76,37,0.010259179265658747
main,150,30,30,cons_2023-12-31,strict,valid,2180,25,11,0.011467889908256881
main,150,30,30,cons_2023-12-31,strict,test,4103,74,37,0.018035583719229833
main,150,30,30,e0a_2024-12-31,none,train,7408,76,37,0.010259179265658747
main,150,30,30,e0a_2024-12-31,none,valid,2180,25,11,0.011467889908256881
main,150,30,30,e0a_2024-12-31,none,test,4540,79,37,0.01740088105726872
main,150,30,30,e0a_2024-12-31,strict,train,7408,76,37,0.010259179265658747
main,150,30,30,e0a_2024-12-31,strict,valid,2180,25,11,0.011467889908256881
main,150,30,30,e0a_2024-12-31,strict,test,4540,79,37,0.01740088105726872
main,150,30,365,cons_2023-12-31,none,train,13289,154,55,0.011588531868462638
main,150,30,365,cons_2023-12-31,none,valid,3660,35,13,0.009562841530054645
main,150,30,365,cons_2023-12-31,none,test,7349,114,48,0.015512314600625935
main,150,30,365,cons_2023-12-31,strict,train,13289,154,55,0.011588531868462638
main,150,30,365,cons_2023-12-31,strict,valid,3660,35,13,0.009562841530054645
main,150,30,365,cons_2023-12-31,strict,test,7349,114,48,0.015512314600625935
main,150,30,365,e0a_2024-12-31,none,train,13289,154,55,0.011588531868462638
main,150,30,365,e0a_2024-12-31,none,valid,3660,35,13,0.009562841530054645
main,150,30,365,e0a_2024-12-31,none,test,8011,119,48,0.014854574959430782
main,150,30,365,e0a_2024-12-31,strict,train,13289,154,55,0.011588531868462638
main,150,30,365,e0a_2024-12-31,strict,valid,3660,35,13,0.009562841530054645
main,150,30,365,e0a_2024-12-31,strict,test,8011,119,48,0.014854574959430782
main,150,30,730,cons_2023-12-31,none,train,15159,160,55,0.01055478593574774
main,150,30,730,cons_2023-12-31,none,valid,4360,36,13,0.008256880733944955
main,150,30,730,cons_2023-12-31,none,test,8870,117,48,0.013190529875986472
main,150,30,730,cons_2023-12-31,strict,train,15159,160,55,0.01055478593574774
main,150,30,730,cons_2023-12-31,strict,valid,4360,36,13,0.008256880733944955
main,150,30,730,cons_2023-12-31,strict,test,8870,117,48,0.013190529875986472
main,150,30,730,e0a_2024-12-31,none,train,15159,160,55,0.01055478593574774
main,150,30,730,e0a_2024-12-31,none,valid,4360,36,13,0.008256880733944955
main,150,30,730,e0a_2024-12-31,none,test,9689,122,48,0.012591598720198162
main,150,30,730,e0a_2024-12-31,strict,train,15159,160,55,0.01055478593574774
main,150,30,730,e0a_2024-12-31,strict,valid,4360,36,13,0.008256880733944955
main,150,30,730,e0a_2024-12-31,strict,test,9689,122,48,0.012591598720198162
main,150,30,INF,cons_2023-12-31,none,train,16434,160,55,0.009735913350371182
main,150,30,INF,cons_2023-12-31,none,valid,5826,40,14,0.006865774116031583
main,150,30,INF,cons_2023-12-31,none,test,12647,119,49,0.009409346089981814
main,150,30,INF,cons_2023-12-31,strict,train,16434,160,55,0.009735913350371182
main,150,30,INF,cons_2023-12-31,strict,valid,5826,40,14,0.006865774116031583
main,150,30,INF,cons_2023-12-31,strict,test,12647,119,49,0.009409346089981814
main,150,30,INF,e0a_2024-12-31,none,train,16434,160,55,0.009735913350371182
main,150,30,INF,e0a_2024-12-31,none,valid,5826,40,14,0.006865774116031583
main,150,30,INF,e0a_2024-12-31,none,test,13899,124,49,0.008921505144254983
main,150,30,INF,e0a_2024-12-31,strict,train,16434,160,55,0.009735913350371182
main,150,30,INF,e0a_2024-12-31,strict,valid,5826,40,14,0.006865774116031583
main,150,30,INF,e0a_2024-12-31,strict,test,13899,124,49,0.008921505144254983
main,150,60,30,cons_2023-12-31,none,train,7408,50,24,0.006749460043196544
main,150,60,30,cons_2023-12-31,none,valid,2180,15,8,0.006880733944954129
main,150,60,30,cons_2023-12-31,none,test,4103,50,27,0.012186205215695833
main,150,60,30,cons_2023-12-31,strict,train,7408,50,24,0.006749460043196544
main,150,60,30,cons_2023-12-31,strict,valid,2180,15,8,0.006880733944954129
main,150,60,30,cons_2023-12-31,strict,test,4103,50,27,0.012186205215695833
main,150,60,30,e0a_2024-12-31,none,train,7408,50,24,0.006749460043196544
main,150,60,30,e0a_2024-12-31,none,valid,2180,15,8,0.006880733944954129
main,150,60,30,e0a_2024-12-31,none,test,4540,52,27,0.01145374449339207
main,150,60,30,e0a_2024-12-31,strict,train,7408,50,24,0.006749460043196544
main,150,60,30,e0a_2024-12-31,strict,valid,2180,15,8,0.006880733944954129
main,150,60,30,e0a_2024-12-31,strict,test,4540,52,27,0.01145374449339207
main,150,60,365,cons_2023-12-31,none,train,13289,107,47,0.008051772142373391
main,150,60,365,cons_2023-12-31,none,valid,3660,23,11,0.006284153005464481
main,150,60,365,cons_2023-12-31,none,test,7349,76,38,0.010341543067083956
main,150,60,365,cons_2023-12-31,strict,train,13289,107,47,0.008051772142373391
main,150,60,365,cons_2023-12-31,strict,valid,3660,23,11,0.006284153005464481
main,150,60,365,cons_2023-12-31,strict,test,7349,76,38,0.010341543067083956
main,150,60,365,e0a_2024-12-31,none,train,13289,107,47,0.008051772142373391
main,150,60,365,e0a_2024-12-31,none,valid,3660,23,11,0.006284153005464481
main,150,60,365,e0a_2024-12-31,none,test,8011,78,38,0.009736612158282362
main,150,60,365,e0a_2024-12-31,strict,train,13289,107,47,0.008051772142373391
main,150,60,365,e0a_2024-12-31,strict,valid,3660,23,11,0.006284153005464481
main,150,60,365,e0a_2024-12-31,strict,test,8011,78,38,0.009736612158282362
main,150,60,730,cons_2023-12-31,none,train,15159,111,47,0.007322382742924995
main,150,60,730,cons_2023-12-31,none,valid,4360,24,11,0.005504587155963303
main,150,60,730,cons_2023-12-31,none,test,8870,79,39,0.00890642615558061
main,150,60,730,cons_2023-12-31,strict,train,15159,111,47,0.007322382742924995
main,150,60,730,cons_2023-12-31,strict,valid,4360,24,11,0.005504587155963303
main,150,60,730,cons_2023-12-31,strict,test,8870,79,39,0.00890642615558061
main,150,60,730,e0a_2024-12-31,none,train,15159,111,47,0.007322382742924995
main,150,60,730,e0a_2024-12-31,none,valid,4360,24,11,0.005504587155963303
main,150,60,730,e0a_2024-12-31,none,test,9689,81,39,0.008359995871606978
main,150,60,730,e0a_2024-12-31,strict,train,15159,111,47,0.007322382742924995
main,150,60,730,e0a_2024-12-31,strict,valid,4360,24,11,0.005504587155963303
main,150,60,730,e0a_2024-12-31,strict,test,9689,81,39,0.008359995871606978
main,150,60,INF,cons_2023-12-31,none,train,16434,111,47,0.006754289886820007
main,150,60,INF,cons_2023-12-31,none,valid,5826,27,12,0.004634397528321318
main,150,60,INF,cons_2023-12-31,none,test,12647,80,40,0.006325610816794496
main,150,60,INF,cons_2023-12-31,strict,train,16434,111,47,0.006754289886820007
main,150,60,INF,cons_2023-12-31,strict,valid,5826,27,12,0.004634397528321318
main,150,60,INF,cons_2023-12-31,strict,test,12647,80,40,0.006325610816794496
main,150,60,INF,e0a_2024-12-31,none,train,16434,111,47,0.006754289886820007
main,150,60,INF,e0a_2024-12-31,none,valid,5826,27,12,0.004634397528321318
main,150,60,INF,e0a_2024-12-31,none,test,13899,82,40,0.0058997050147492625
main,150,60,INF,e0a_2024-12-31,strict,train,16434,111,47,0.006754289886820007
main,150,60,INF,e0a_2024-12-31,strict,valid,5826,27,12,0.004634397528321318
main,150,60,INF,e0a_2024-12-31,strict,test,13899,82,40,0.0058997050147492625
main,150,90,30,cons_2023-12-31,none,train,7408,32,20,0.004319654427645789
main,150,90,30,cons_2023-12-31,none,valid,2180,8,6,0.003669724770642202
main,150,90,30,cons_2023-12-31,none,test,4103,29,21,0.0070679990251035826
main,150,90,30,cons_2023-12-31,strict,train,7408,32,20,0.004319654427645789
main,150,90,30,cons_2023-12-31,strict,valid,2180,8,6,0.003669724770642202
main,150,90,30,cons_2023-12-31,strict,test,4103,29,21,0.0070679990251035826
main,150,90,30,e0a_2024-12-31,none,train,7408,32,20,0.004319654427645789
main,150,90,30,e0a_2024-12-31,none,valid,2180,8,6,0.003669724770642202
main,150,90,30,e0a_2024-12-31,none,test,4540,30,21,0.006607929515418502
main,150,90,30,e0a_2024-12-31,strict,train,7408,32,20,0.004319654427645789
main,150,90,30,e0a_2024-12-31,strict,valid,2180,8,6,0.003669724770642202
main,150,90,30,e0a_2024-12-31,strict,test,4540,30,21,0.006607929515418502
main,150,90,365,cons_2023-12-31,none,train,13289,67,41,0.005041763864850628
main,150,90,365,cons_2023-12-31,none,valid,3660,12,8,0.003278688524590164
main,150,90,365,cons_2023-12-31,none,test,7349,43,29,0.005851136209008029
main,150,90,365,cons_2023-12-31,strict,train,13289,67,41,0.005041763864850628
main,150,90,365,cons_2023-12-31,strict,valid,3660,12,8,0.003278688524590164
main,150,90,365,cons_2023-12-31,strict,test,7349,43,29,0.005851136209008029
main,150,90,365,e0a_2024-12-31,none,train,13289,67,41,0.005041763864850628
main,150,90,365,e0a_2024-12-31,none,valid,3660,12,8,0.003278688524590164
main,150,90,365,e0a_2024-12-31,none,test,8011,44,29,0.005492447884159281
main,150,90,365,e0a_2024-12-31,strict,train,13289,67,41,0.005041763864850628
main,150,90,365,e0a_2024-12-31,strict,valid,3660,12,8,0.003278688524590164
main,150,90,365,e0a_2024-12-31,strict,test,8011,44,29,0.005492447884159281
main,150,90,730,cons_2023-12-31,none,train,15159,69,41,0.004551751434791213
main,150,90,730,cons_2023-12-31,none,valid,4360,13,8,0.002981651376146789
main,150,90,730,cons_2023-12-31,none,test,8870,45,30,0.005073280721533258
main,150,90,730,cons_2023-12-31,strict,train,15159,69,41,0.004551751434791213
main,150,90,730,cons_2023-12-31,strict,valid,4360,13,8,0.002981651376146789
main,150,90,730,cons_2023-12-31,strict,test,8870,45,30,0.005073280721533258
main,150,90,730,e0a_2024-12-31,none,train,15159,69,41,0.004551751434791213
main,150,90,730,e0a_2024-12-31,none,valid,4360,13,8,0.002981651376146789
main,150,90,730,e0a_2024-12-31,none,test,9689,46,30,0.00474765197646816
main,150,90,730,e0a_2024-12-31,strict,train,15159,69,41,0.004551751434791213
main,150,90,730,e0a_2024-12-31,strict,valid,4360,13,8,0.002981651376146789
main,150,90,730,e0a_2024-12-31,strict,test,9689,46,30,0.00474765197646816
main,150,90,INF,cons_2023-12-31,none,train,16434,69,41,0.004198612632347572
main,150,90,INF,cons_2023-12-31,none,valid,5826,15,9,0.0025746652935118436
main,150,90,INF,cons_2023-12-31,none,test,12647,45,30,0.0035581560844469046
main,150,90,INF,cons_2023-12-31,strict,train,16434,69,41,0.004198612632347572
main,150,90,INF,cons_2023-12-31,strict,valid,5826,15,9,0.0025746652935118436
main,150,90,INF,cons_2023-12-31,strict,test,12647,45,30,0.0035581560844469046
main,150,90,INF,e0a_2024-12-31,none,train,16434,69,41,0.004198612632347572
main,150,90,INF,e0a_2024-12-31,none,valid,5826,15,9,0.0025746652935118436
main,150,90,INF,e0a_2024-12-31,none,test,13899,46,30,0.003309590618030074
main,150,90,INF,e0a_2024-12-31,strict,train,16434,69,41,0.004198612632347572
main,150,90,INF,e0a_2024-12-31,strict,valid,5826,15,9,0.0025746652935118436
main,150,90,INF,e0a_2024-12-31,strict,test,13899,46,30,0.003309590618030074
main,365,0,30,cons_2023-12-31,none,train,7408,231,82,0.031182505399568034
main,365,0,30,cons_2023-12-31,none,valid,2180,88,33,0.04036697247706422
main,365,0,30,cons_2023-12-31,none,test,2230,113,42,0.050672645739910316
main,365,0,30,cons_2023-12-31,strict,train,6611,191,56,0.028891241869611253
main,365,0,30,cons_2023-12-31,strict,valid,0,0,0,
main,365,0,30,cons_2023-12-31,strict,test,2230,113,42,0.050672645739910316
main,365,0,30,e0a_2024-12-31,none,train,7408,231,82,0.031182505399568034
main,365,0,30,e0a_2024-12-31,none,valid,2180,88,33,0.04036697247706422
main,365,0,30,e0a_2024-12-31,none,test,4540,249,74,0.05484581497797357
main,365,0,30,e0a_2024-12-31,strict,train,6611,191,56,0.028891241869611253
main,365,0,30,e0a_2024-12-31,strict,valid,0,0,0,
main,365,0,30,e0a_2024-12-31,strict,test,4540,249,74,0.05484581497797357
main,365,0,365,cons_2023-12-31,none,train,13289,442,96,0.033260591466626535
main,365,0,365,cons_2023-12-31,none,valid,3660,113,36,0.03087431693989071
main,365,0,365,cons_2023-12-31,none,test,4102,173,50,0.04217454900048757
main,365,0,365,cons_2023-12-31,strict,train,10491,294,82,0.02802402058907635
main,365,0,365,cons_2023-12-31,strict,valid,520,15,15,0.028846153846153848
main,365,0,365,cons_2023-12-31,strict,test,4102,173,50,0.04217454900048757
main,365,0,365,e0a_2024-12-31,none,train,13289,442,96,0.033260591466626535
main,365,0,365,e0a_2024-12-31,none,valid,3660,113,36,0.03087431693989071
main,365,0,365,e0a_2024-12-31,none,test,8011,346,81,0.043190612907252526
main,365,0,365,e0a_2024-12-31,strict,train,10491,294,82,0.02802402058907635
main,365,0,365,e0a_2024-12-31,strict,valid,520,15,15,0.028846153846153848
main,365,0,365,e0a_2024-12-31,strict,test,8011,346,81,0.043190612907252526
main,365,0,730,cons_2023-12-31,none,train,15159,451,97,0.029751302856388943
main,365,0,730,cons_2023-12-31,none,valid,4360,115,37,0.026376146788990827
main,365,0,730,cons_2023-12-31,none,test,4780,181,52,0.037866108786610876
main,365,0,730,cons_2023-12-31,strict,train,11681,294,82,0.025169077989898127
main,365,0,730,cons_2023-12-31,strict,valid,694,17,17,0.024495677233429394
main,365,0,730,cons_2023-12-31,strict,test,4780,181,52,0.037866108786610876
main,365,0,730,e0a_2024-12-31,none,train,15159,451,97,0.029751302856388943
main,365,0,730,e0a_2024-12-31,none,valid,4360,115,37,0.026376146788990827
main,365,0,730,e0a_2024-12-31,none,test,9689,362,83,0.03736195685829291
main,365,0,730,e0a_2024-12-31,strict,train,11681,294,82,0.025169077989898127
main,365,0,730,e0a_2024-12-31,strict,valid,694,17,17,0.024495677233429394
main,365,0,730,e0a_2024-12-31,strict,test,9689,362,83,0.03736195685829291
main,365,0,INF,cons_2023-12-31,none,train,16434,451,97,0.02744310575635877
main,365,0,INF,cons_2023-12-31,none,valid,5826,120,38,0.02059732234809475
main,365,0,INF,cons_2023-12-31,none,test,6653,181,52,0.027205771832256125
main,365,0,INF,cons_2023-12-31,strict,train,12186,294,82,0.0241260462826194
main,365,0,INF,cons_2023-12-31,strict,valid,912,18,18,0.019736842105263157
main,365,0,INF,cons_2023-12-31,strict,test,6653,181,52,0.027205771832256125
main,365,0,INF,e0a_2024-12-31,none,train,16434,451,97,0.02744310575635877
main,365,0,INF,e0a_2024-12-31,none,valid,5826,120,38,0.02059732234809475
main,365,0,INF,e0a_2024-12-31,none,test,13899,364,83,0.02618893445571624
main,365,0,INF,e0a_2024-12-31,strict,train,12186,294,82,0.0241260462826194
main,365,0,INF,e0a_2024-12-31,strict,valid,912,18,18,0.019736842105263157
main,365,0,INF,e0a_2024-12-31,strict,test,13899,364,83,0.02618893445571624
main,365,30,30,cons_2023-12-31,none,train,7408,205,77,0.02767278617710583
main,365,30,30,cons_2023-12-31,none,valid,2180,82,30,0.03761467889908257
main,365,30,30,cons_2023-12-31,none,test,2230,107,40,0.04798206278026906
main,365,30,30,cons_2023-12-31,strict,train,6611,173,53,0.02616850703373166
main,365,30,30,cons_2023-12-31,strict,valid,0,0,0,
main,365,30,30,cons_2023-12-31,strict,test,2230,107,40,0.04798206278026906
main,365,30,30,e0a_2024-12-31,none,train,7408,205,77,0.02767278617710583
main,365,30,30,e0a_2024-12-31,none,valid,2180,82,30,0.03761467889908257
main,365,30,30,e0a_2024-12-31,none,test,4540,233,72,0.0513215859030837
main,365,30,30,e0a_2024-12-31,strict,train,6611,173,53,0.02616850703373166
main,365,30,30,e0a_2024-12-31,strict,valid,0,0,0,
main,365,30,30,e0a_2024-12-31,strict,test,4540,233,72,0.0513215859030837
main,365,30,365,cons_2023-12-31,none,train,13289,391,92,0.02942283091278501
main,365,30,365,cons_2023-12-31,none,valid,3660,101,32,0.027595628415300548
main,365,30,365,cons_2023-12-31,none,test,4102,152,46,0.03705509507557289
main,365,30,365,cons_2023-12-31,strict,train,10491,258,78,0.02459250786388333
main,365,30,365,cons_2023-12-31,strict,valid,520,12,12,0.023076923076923078
main,365,30,365,cons_2023-12-31,strict,test,4102,152,46,0.03705509507557289
main,365,30,365,e0a_2024-12-31,none,train,13289,391,92,0.02942283091278501
main,365,30,365,e0a_2024-12-31,none,valid,3660,101,32,0.027595628415300548
main,365,30,365,e0a_2024-12-31,none,test,8011,303,77,0.037822993384096865
main,365,30,365,e0a_2024-12-31,strict,train,10491,258,78,0.02459250786388333
main,365,30,365,e0a_2024-12-31,strict,valid,520,12,12,0.023076923076923078
main,365,30,365,e0a_2024-12-31,strict,test,8011,303,77,0.037822993384096865
main,365,30,730,cons_2023-12-31,none,train,15159,399,93,0.02632099742727093
main,365,30,730,cons_2023-12-31,none,valid,4360,102,32,0.023394495412844038
main,365,30,730,cons_2023-12-31,none,test,4780,160,48,0.03347280334728033
main,365,30,730,cons_2023-12-31,strict,train,11681,258,78,0.022087150072767743
main,365,30,730,cons_2023-12-31,strict,valid,694,13,13,0.018731988472622477
main,365,30,730,cons_2023-12-31,strict,test,4780,160,48,0.03347280334728033
main,365,30,730,e0a_2024-12-31,none,train,15159,399,93,0.02632099742727093
main,365,30,730,e0a_2024-12-31,none,valid,4360,102,32,0.023394495412844038
main,365,30,730,e0a_2024-12-31,none,test,9689,319,79,0.032923934358550934
main,365,30,730,e0a_2024-12-31,strict,train,11681,258,78,0.022087150072767743
main,365,30,730,e0a_2024-12-31,strict,valid,694,13,13,0.018731988472622477
main,365,30,730,e0a_2024-12-31,strict,test,9689,319,79,0.032923934358550934
main,365,30,INF,cons_2023-12-31,none,train,16434,399,93,0.024278933917488133
main,365,30,INF,cons_2023-12-31,none,valid,5826,107,33,0.018365945760384483
main,365,30,INF,cons_2023-12-31,none,test,6653,160,48,0.024049301067187733
main,365,30,INF,cons_2023-12-31,strict,train,12186,258,78,0.02117183653372723
main,365,30,INF,cons_2023-12-31,strict,valid,912,14,14,0.015350877192982455
main,365,30,INF,cons_2023-12-31,strict,test,6653,160,48,0.024049301067187733
main,365,30,INF,e0a_2024-12-31,none,train,16434,399,93,0.024278933917488133
main,365,30,INF,e0a_2024-12-31,none,valid,5826,107,33,0.018365945760384483
main,365,30,INF,e0a_2024-12-31,none,test,13899,321,79,0.02309518670407943
main,365,30,INF,e0a_2024-12-31,strict,train,12186,258,78,0.02117183653372723
main,365,30,INF,e0a_2024-12-31,strict,valid,912,14,14,0.015350877192982455
main,365,30,INF,e0a_2024-12-31,strict,test,13899,321,79,0.02309518670407943
main,365,60,30,cons_2023-12-31,none,train,7408,179,68,0.02416306695464363
main,365,60,30,cons_2023-12-31,none,valid,2180,72,27,0.03302752293577982
main,365,60,30,cons_2023-12-31,none,test,2230,96,35,0.04304932735426009
main,365,60,30,cons_2023-12-31,strict,train,6611,152,49,0.0229919830585388
main,365,60,30,cons_2023-12-31,strict,valid,0,0,0,
main,365,60,30,cons_2023-12-31,strict,test,2230,96,35,0.04304932735426009
main,365,60,30,e0a_2024-12-31,none,train,7408,179,68,0.02416306695464363
main,365,60,30,e0a_2024-12-31,none,valid,2180,72,27,0.03302752293577982
main,365,60,30,e0a_2024-12-31,none,test,4540,206,65,0.04537444933920705
main,365,60,30,e0a_2024-12-31,strict,train,6611,152,49,0.0229919830585388
main,365,60,30,e0a_2024-12-31,strict,valid,0,0,0,
main,365,60,30,e0a_2024-12-31,strict,test,4540,206,65,0.04537444933920705
main,365,60,365,cons_2023-12-31,none,train,13289,344,87,0.025886071186695763
main,365,60,365,cons_2023-12-31,none,valid,3660,89,30,0.024316939890710383
main,365,60,365,cons_2023-12-31,none,test,4102,133,44,0.032423208191126277
main,365,60,365,cons_2023-12-31,strict,train,10491,225,73,0.021446954532456392
main,365,60,365,cons_2023-12-31,strict,valid,520,10,10,0.019230769230769232
main,365,60,365,cons_2023-12-31,strict,test,4102,133,44,0.032423208191126277
main,365,60,365,e0a_2024-12-31,none,train,13289,344,87,0.025886071186695763
main,365,60,365,e0a_2024-12-31,none,valid,3660,89,30,0.024316939890710383
main,365,60,365,e0a_2024-12-31,none,test,8011,262,74,0.03270503058294844
main,365,60,365,e0a_2024-12-31,strict,train,10491,225,73,0.021446954532456392
main,365,60,365,e0a_2024-12-31,strict,valid,520,10,10,0.019230769230769232
main,365,60,365,e0a_2024-12-31,strict,test,8011,262,74,0.03270503058294844
main,365,60,730,cons_2023-12-31,none,train,15159,350,88,0.023088594234448184
main,365,60,730,cons_2023-12-31,none,valid,4360,90,30,0.020642201834862386
main,365,60,730,cons_2023-12-31,none,test,4780,141,46,0.029497907949790795
main,365,60,730,cons_2023-12-31,strict,train,11681,225,73,0.01926204948206489
main,365,60,730,cons_2023-12-31,strict,valid,694,11,11,0.01585014409221902
main,365,60,730,cons_2023-12-31,strict,test,4780,141,46,0.029497907949790795
main,365,60,730,e0a_2024-12-31,none,train,15159,350,88,0.023088594234448184
main,365,60,730,e0a_2024-12-31,none,valid,4360,90,30,0.020642201834862386
main,365,60,730,e0a_2024-12-31,none,test,9689,278,77,0.02869233150995975
main,365,60,730,e0a_2024-12-31,strict,train,11681,225,73,0.01926204948206489
main,365,60,730,e0a_2024-12-31,strict,valid,694,11,11,0.01585014409221902
main,365,60,730,e0a_2024-12-31,strict,test,9689,278,77,0.02869233150995975
main,365,60,INF,cons_2023-12-31,none,train,16434,350,88,0.02129731045393696
main,365,60,INF,cons_2023-12-31,none,valid,5826,94,31,0.01613456917267422
main,365,60,INF,cons_2023-12-31,none,test,6653,141,46,0.02119344656545919
main,365,60,INF,cons_2023-12-31,strict,train,12186,225,73,0.01846381093057607
main,365,60,INF,cons_2023-12-31,strict,valid,912,12,12,0.013157894736842105
main,365,60,INF,cons_2023-12-31,strict,test,6653,141,46,0.02119344656545919
main,365,60,INF,e0a_2024-12-31,none,train,16434,350,88,0.02129731045393696
main,365,60,INF,e0a_2024-12-31,none,valid,5826,94,31,0.01613456917267422
main,365,60,INF,e0a_2024-12-31,none,test,13899,279,77,0.02007338657457371
main,365,60,INF,e0a_2024-12-31,strict,train,12186,225,73,0.01846381093057607
main,365,60,INF,e0a_2024-12-31,strict,valid,912,12,12,0.013157894736842105
main,365,60,INF,e0a_2024-12-31,strict,test,13899,279,77,0.02007338657457371
main,365,90,30,cons_2023-12-31,none,train,7408,161,65,0.021733261339092872
main,365,90,30,cons_2023-12-31,none,valid,2180,65,25,0.02981651376146789
main,365,90,30,cons_2023-12-31,none,test,2230,86,32,0.03856502242152467
main,365,90,30,cons_2023-12-31,strict,train,6611,136,47,0.020571774315534714
main,365,90,30,cons_2023-12-31,strict,valid,0,0,0,
main,365,90,30,cons_2023-12-31,strict,test,2230,86,32,0.03856502242152467
main,365,90,30,e0a_2024-12-31,none,train,7408,161,65,0.021733261339092872
main,365,90,30,e0a_2024-12-31,none,valid,2180,65,25,0.02981651376146789
main,365,90,30,e0a_2024-12-31,none,test,4540,184,62,0.04052863436123348
main,365,90,30,e0a_2024-12-31,strict,train,6611,136,47,0.020571774315534714
main,365,90,30,e0a_2024-12-31,strict,valid,0,0,0,
main,365,90,30,e0a_2024-12-31,strict,test,4540,184,62,0.04052863436123348
main,365,90,365,cons_2023-12-31,none,train,13289,304,84,0.022876062909173
main,365,90,365,cons_2023-12-31,none,valid,3660,78,27,0.021311475409836064
main,365,90,365,cons_2023-12-31,none,test,4102,115,37,0.0280351048269137
main,365,90,365,cons_2023-12-31,strict,train,10491,198,70,0.018873319988561624
main,365,90,365,cons_2023-12-31,strict,valid,520,7,7,0.013461538461538462
main,365,90,365,cons_2023-12-31,strict,test,4102,115,37,0.0280351048269137
main,365,90,365,e0a_2024-12-31,none,train,13289,304,84,0.022876062909173
main,365,90,365,e0a_2024-12-31,none,valid,3660,78,27,0.021311475409836064
main,365,90,365,e0a_2024-12-31,none,test,8011,228,67,0.028460866308825366
main,365,90,365,e0a_2024-12-31,strict,train,10491,198,70,0.018873319988561624
main,365,90,365,e0a_2024-12-31,strict,valid,520,7,7,0.013461538461538462
main,365,90,365,e0a_2024-12-31,strict,test,8011,228,67,0.028460866308825366
main,365,90,730,cons_2023-12-31,none,train,15159,308,85,0.020317962926314402
main,365,90,730,cons_2023-12-31,none,valid,4360,79,27,0.018119266055045873
main,365,90,730,cons_2023-12-31,none,test,4780,123,39,0.025732217573221756
main,365,90,730,cons_2023-12-31,strict,train,11681,198,70,0.016950603544217104
main,365,90,730,cons_2023-12-31,strict,valid,694,8,8,0.011527377521613832
main,365,90,730,cons_2023-12-31,strict,test,4780,123,39,0.025732217573221756
main,365,90,730,e0a_2024-12-31,none,train,15159,308,85,0.020317962926314402
main,365,90,730,e0a_2024-12-31,none,valid,4360,79,27,0.018119266055045873
main,365,90,730,e0a_2024-12-31,none,test,9689,243,70,0.025079987614820932
main,365,90,730,e0a_2024-12-31,strict,train,11681,198,70,0.016950603544217104
main,365,90,730,e0a_2024-12-31,strict,valid,694,8,8,0.011527377521613832
main,365,90,730,e0a_2024-12-31,strict,test,9689,243,70,0.025079987614820932
main,365,90,INF,cons_2023-12-31,none,train,16434,308,85,0.018741633199464525
main,365,90,INF,cons_2023-12-31,none,valid,5826,82,28,0.014074836937864744
main,365,90,INF,cons_2023-12-31,none,test,6653,123,39,0.018487900195400572
main,365,90,INF,cons_2023-12-31,strict,train,12186,198,70,0.01624815361890694
main,365,90,INF,cons_2023-12-31,strict,valid,912,9,9,0.009868421052631578
main,365,90,INF,cons_2023-12-31,strict,test,6653,123,39,0.018487900195400572
main,365,90,INF,e0a_2024-12-31,none,train,16434,308,85,0.018741633199464525
main,365,90,INF,e0a_2024-12-31,none,valid,5826,82,28,0.014074836937864744
main,365,90,INF,e0a_2024-12-31,none,test,13899,243,70,0.01748327217785452
main,365,90,INF,e0a_2024-12-31,strict,train,12186,198,70,0.01624815361890694
main,365,90,INF,e0a_2024-12-31,strict,valid,912,9,9,0.009868421052631578
main,365,90,INF,e0a_2024-12-31,strict,test,13899,243,70,0.01748327217785452
alt,90,0,30,cons_2023-12-31,none,train,6611,55,29,0.008319467554076539
alt,90,0,30,cons_2023-12-31,none,valid,2977,38,24,0.012764528048370843
alt,90,0,30,cons_2023-12-31,none,test,4540,65,39,0.014317180616740088
alt,90,0,30,cons_2023-12-31,strict,train,6611,55,29,0.008319467554076539
alt,90,0,30,cons_2023-12-31,strict,valid,2977,38,24,0.012764528048370843
alt,90,0,30,cons_2023-12-31,strict,test,4540,65,39,0.014317180616740088
alt,90,0,30,e0a_2024-12-31,none,train,6611,55,29,0.008319467554076539
alt,90,0,30,e0a_2024-12-31,none,valid,2977,38,24,0.012764528048370843
alt,90,0,30,e0a_2024-12-31,none,test,4540,65,39,0.014317180616740088
alt,90,0,30,e0a_2024-12-31,strict,train,6611,55,29,0.008319467554076539
alt,90,0,30,e0a_2024-12-31,strict,valid,2977,38,24,0.012764528048370843
alt,90,0,30,e0a_2024-12-31,strict,test,4540,65,39,0.014317180616740088
alt,90,0,365,cons_2023-12-31,none,train,9886,95,42,0.009609548856969451
alt,90,0,365,cons_2023-12-31,none,valid,7063,78,35,0.011043465949313323
alt,90,0,365,cons_2023-12-31,none,test,8011,118,52,0.014729746598427162
alt,90,0,365,cons_2023-12-31,strict,train,9886,95,42,0.009609548856969451
alt,90,0,365,cons_2023-12-31,strict,valid,7063,78,35,0.011043465949313323
alt,90,0,365,cons_2023-12-31,strict,test,8011,118,52,0.014729746598427162
alt,90,0,365,e0a_2024-12-31,none,train,9886,95,42,0.009609548856969451
alt,90,0,365,e0a_2024-12-31,none,valid,7063,78,35,0.011043465949313323
alt,90,0,365,e0a_2024-12-31,none,test,8011,118,52,0.014729746598427162
alt,90,0,365,e0a_2024-12-31,strict,train,9886,95,42,0.009609548856969451
alt,90,0,365,e0a_2024-12-31,strict,valid,7063,78,35,0.011043465949313323
alt,90,0,365,e0a_2024-12-31,strict,test,8011,118,52,0.014729746598427162
alt,90,0,730,cons_2023-12-31,none,train,10958,95,42,0.008669465230881548
alt,90,0,730,cons_2023-12-31,none,valid,8561,84,36,0.009811937857726901
alt,90,0,730,cons_2023-12-31,none,test,9689,119,52,0.012281969243471979
alt,90,0,730,cons_2023-12-31,strict,train,10958,95,42,0.008669465230881548
alt,90,0,730,cons_2023-12-31,strict,valid,8561,84,36,0.009811937857726901
alt,90,0,730,cons_2023-12-31,strict,test,9689,119,52,0.012281969243471979
alt,90,0,730,e0a_2024-12-31,none,train,10958,95,42,0.008669465230881548
alt,90,0,730,e0a_2024-12-31,none,valid,8561,84,36,0.009811937857726901
alt,90,0,730,e0a_2024-12-31,none,test,9689,119,52,0.012281969243471979
alt,90,0,730,e0a_2024-12-31,strict,train,10958,95,42,0.008669465230881548
alt,90,0,730,e0a_2024-12-31,strict,valid,8561,84,36,0.009811937857726901
alt,90,0,730,e0a_2024-12-31,strict,test,9689,119,52,0.012281969243471979
alt,90,0,INF,cons_2023-12-31,none,train,11346,95,42,0.008372994888066278
alt,90,0,INF,cons_2023-12-31,none,valid,10914,86,37,0.007879787428990287
alt,90,0,INF,cons_2023-12-31,none,test,13899,121,53,0.008705662277861717
alt,90,0,INF,cons_2023-12-31,strict,train,11346,95,42,0.008372994888066278
alt,90,0,INF,cons_2023-12-31,strict,valid,10914,86,37,0.007879787428990287
alt,90,0,INF,cons_2023-12-31,strict,test,13899,121,53,0.008705662277861717
alt,90,0,INF,e0a_2024-12-31,none,train,11346,95,42,0.008372994888066278
alt,90,0,INF,e0a_2024-12-31,none,valid,10914,86,37,0.007879787428990287
alt,90,0,INF,e0a_2024-12-31,none,test,13899,121,53,0.008705662277861717
alt,90,0,INF,e0a_2024-12-31,strict,train,11346,95,42,0.008372994888066278
alt,90,0,INF,e0a_2024-12-31,strict,valid,10914,86,37,0.007879787428990287
alt,90,0,INF,e0a_2024-12-31,strict,test,13899,121,53,0.008705662277861717
alt,90,30,30,cons_2023-12-31,none,train,6611,37,25,0.005596732718196945
alt,90,30,30,cons_2023-12-31,none,valid,2977,24,17,0.008061807188444743
alt,90,30,30,cons_2023-12-31,none,test,4540,49,33,0.01079295154185022
alt,90,30,30,cons_2023-12-31,strict,train,6611,37,25,0.005596732718196945
alt,90,30,30,cons_2023-12-31,strict,valid,2977,24,17,0.008061807188444743
alt,90,30,30,cons_2023-12-31,strict,test,4540,49,33,0.01079295154185022
alt,90,30,30,e0a_2024-12-31,none,train,6611,37,25,0.005596732718196945
alt,90,30,30,e0a_2024-12-31,none,valid,2977,24,17,0.008061807188444743
alt,90,30,30,e0a_2024-12-31,none,test,4540,49,33,0.01079295154185022
alt,90,30,30,e0a_2024-12-31,strict,train,6611,37,25,0.005596732718196945
alt,90,30,30,e0a_2024-12-31,strict,valid,2977,24,17,0.008061807188444743
alt,90,30,30,e0a_2024-12-31,strict,test,4540,49,33,0.01079295154185022
alt,90,30,365,cons_2023-12-31,none,train,9886,59,35,0.005968035605907343
alt,90,30,365,cons_2023-12-31,none,valid,7063,51,29,0.007220727736089481
alt,90,30,365,cons_2023-12-31,none,test,8011,75,44,0.009362127075271502
alt,90,30,365,cons_2023-12-31,strict,train,9886,59,35,0.005968035605907343
alt,90,30,365,cons_2023-12-31,strict,valid,7063,51,29,0.007220727736089481
alt,90,30,365,cons_2023-12-31,strict,test,8011,75,44,0.009362127075271502
alt,90,30,365,e0a_2024-12-31,none,train,9886,59,35,0.005968035605907343
alt,90,30,365,e0a_2024-12-31,none,valid,7063,51,29,0.007220727736089481
alt,90,30,365,e0a_2024-12-31,none,test,8011,75,44,0.009362127075271502
alt,90,30,365,e0a_2024-12-31,strict,train,9886,59,35,0.005968035605907343
alt,90,30,365,e0a_2024-12-31,strict,valid,7063,51,29,0.007220727736089481
alt,90,30,365,e0a_2024-12-31,strict,test,8011,75,44,0.009362127075271502
alt,90,30,730,cons_2023-12-31,none,train,10958,59,35,0.005384194196021172
alt,90,30,730,cons_2023-12-31,none,valid,8561,55,31,0.006424483121130709
alt,90,30,730,cons_2023-12-31,none,test,9689,76,44,0.007843946743730004
alt,90,30,730,cons_2023-12-31,strict,train,10958,59,35,0.005384194196021172
alt,90,30,730,cons_2023-12-31,strict,valid,8561,55,31,0.006424483121130709
alt,90,30,730,cons_2023-12-31,strict,test,9689,76,44,0.007843946743730004
alt,90,30,730,e0a_2024-12-31,none,train,10958,59,35,0.005384194196021172
alt,90,30,730,e0a_2024-12-31,none,valid,8561,55,31,0.006424483121130709
alt,90,30,730,e0a_2024-12-31,none,test,9689,76,44,0.007843946743730004
alt,90,30,730,e0a_2024-12-31,strict,train,10958,59,35,0.005384194196021172
alt,90,30,730,e0a_2024-12-31,strict,valid,8561,55,31,0.006424483121130709
alt,90,30,730,e0a_2024-12-31,strict,test,9689,76,44,0.007843946743730004
alt,90,30,INF,cons_2023-12-31,none,train,11346,59,35,0.005200070509430637
alt,90,30,INF,cons_2023-12-31,none,valid,10914,57,32,0.005222649807586586
alt,90,30,INF,cons_2023-12-31,none,test,13899,78,45,0.005611914526224908
alt,90,30,INF,cons_2023-12-31,strict,train,11346,59,35,0.005200070509430637
alt,90,30,INF,cons_2023-12-31,strict,valid,10914,57,32,0.005222649807586586
alt,90,30,INF,cons_2023-12-31,strict,test,13899,78,45,0.005611914526224908
alt,90,30,INF,e0a_2024-12-31,none,train,11346,59,35,0.005200070509430637
alt,90,30,INF,e0a_2024-12-31,none,valid,10914,57,32,0.005222649807586586
alt,90,30,INF,e0a_2024-12-31,none,test,13899,78,45,0.005611914526224908
alt,90,30,INF,e0a_2024-12-31,strict,train,11346,59,35,0.005200070509430637
alt,90,30,INF,e0a_2024-12-31,strict,valid,10914,57,32,0.005222649807586586
alt,90,30,INF,e0a_2024-12-31,strict,test,13899,78,45,0.005611914526224908
alt,90,60,30,cons_2023-12-31,none,train,6611,16,16,0.002420208743004084
alt,90,60,30,cons_2023-12-31,none,valid,2977,9,9,0.0030231776956667787
alt,90,60,30,cons_2023-12-31,none,test,4540,22,22,0.004845814977973568
alt,90,60,30,cons_2023-12-31,strict,train,6611,16,16,0.002420208743004084
alt,90,60,30,cons_2023-12-31,strict,valid,2977,9,9,0.0030231776956667787
alt,90,60,30,cons_2023-12-31,strict,test,4540,22,22,0.004845814977973568
alt,90,60,30,e0a_2024-12-31,none,train,6611,16,16,0.002420208743004084
alt,90,60,30,e0a_2024-12-31,none,valid,2977,9,9,0.0030231776956667787
alt,90,60,30,e0a_2024-12-31,none,test,4540,22,22,0.004845814977973568
alt,90,60,30,e0a_2024-12-31,strict,train,6611,16,16,0.002420208743004084
alt,90,60,30,e0a_2024-12-31,strict,valid,2977,9,9,0.0030231776956667787
alt,90,60,30,e0a_2024-12-31,strict,test,4540,22,22,0.004845814977973568
alt,90,60,365,cons_2023-12-31,none,train,9886,26,26,0.0026299817924337445
alt,90,60,365,cons_2023-12-31,none,valid,7063,25,25,0.003539572419651706
alt,90,60,365,cons_2023-12-31,none,test,8011,34,34,0.004244164274123081
alt,90,60,365,cons_2023-12-31,strict,train,9886,26,26,0.0026299817924337445
alt,90,60,365,cons_2023-12-31,strict,valid,7063,25,25,0.003539572419651706
alt,90,60,365,cons_2023-12-31,strict,test,8011,34,34,0.004244164274123081
alt,90,60,365,e0a_2024-12-31,none,train,9886,26,26,0.0026299817924337445
alt,90,60,365,e0a_2024-12-31,none,valid,7063,25,25,0.003539572419651706
alt,90,60,365,e0a_2024-12-31,none,test,8011,34,34,0.004244164274123081
alt,90,60,365,e0a_2024-12-31,strict,train,9886,26,26,0.0026299817924337445
alt,90,60,365,e0a_2024-12-31,strict,valid,7063,25,25,0.003539572419651706
alt,90,60,365,e0a_2024-12-31,strict,test,8011,34,34,0.004244164274123081
alt,90,60,730,cons_2023-12-31,none,train,10958,26,26,0.0023726957473991605
alt,90,60,730,cons_2023-12-31,none,valid,8561,27,27,0.0031538371685550753
alt,90,60,730,cons_2023-12-31,none,test,9689,35,35,0.0036123438951388173
alt,90,60,730,cons_2023-12-31,strict,train,10958,26,26,0.0023726957473991605
alt,90,60,730,cons_2023-12-31,strict,valid,8561,27,27,0.0031538371685550753
alt,90,60,730,cons_2023-12-31,strict,test,9689,35,35,0.0036123438951388173
alt,90,60,730,e0a_2024-12-31,none,train,10958,26,26,0.0023726957473991605
alt,90,60,730,e0a_2024-12-31,none,valid,8561,27,27,0.0031538371685550753
alt,90,60,730,e0a_2024-12-31,none,test,9689,35,35,0.0036123438951388173
alt,90,60,730,e0a_2024-12-31,strict,train,10958,26,26,0.0023726957473991605
alt,90,60,730,e0a_2024-12-31,strict,valid,8561,27,27,0.0031538371685550753
alt,90,60,730,e0a_2024-12-31,strict,test,9689,35,35,0.0036123438951388173
alt,90,60,INF,cons_2023-12-31,none,train,11346,26,26,0.0022915564956812974
alt,90,60,INF,cons_2023-12-31,none,valid,10914,28,28,0.0025655121861828845
alt,90,60,INF,cons_2023-12-31,none,test,13899,36,36,0.0025901143967191884
alt,90,60,INF,cons_2023-12-31,strict,train,11346,26,26,0.0022915564956812974
alt,90,60,INF,cons_2023-12-31,strict,valid,10914,28,28,0.0025655121861828845
alt,90,60,INF,cons_2023-12-31,strict,test,13899,36,36,0.0025901143967191884
alt,90,60,INF,e0a_2024-12-31,none,train,11346,26,26,0.0022915564956812974
alt,90,60,INF,e0a_2024-12-31,none,valid,10914,28,28,0.0025655121861828845
alt,90,60,INF,e0a_2024-12-31,none,test,13899,36,36,0.0025901143967191884
alt,90,60,INF,e0a_2024-12-31,strict,train,11346,26,26,0.0022915564956812974
alt,90,60,INF,e0a_2024-12-31,strict,valid,10914,28,28,0.0025655121861828845
alt,90,60,INF,e0a_2024-12-31,strict,test,13899,36,36,0.0025901143967191884
alt,150,0,30,cons_2023-12-31,none,train,6611,85,32,0.012857358947209198
alt,150,0,30,cons_2023-12-31,none,valid,2977,48,26,0.016123614376889486
alt,150,0,30,cons_2023-12-31,none,test,4103,89,43,0.02169144528393858
alt,150,0,30,cons_2023-12-31,strict,train,6611,85,32,0.012857358947209198
alt,150,0,30,cons_2023-12-31,strict,valid,2977,48,26,0.016123614376889486
alt,150,0,30,cons_2023-12-31,strict,test,4103,89,43,0.02169144528393858
alt,150,0,30,e0a_2024-12-31,none,train,6611,85,32,0.012857358947209198
alt,150,0,30,e0a_2024-12-31,none,valid,2977,48,26,0.016123614376889486
alt,150,0,30,e0a_2024-12-31,none,test,4540,95,43,0.02092511013215859
alt,150,0,30,e0a_2024-12-31,strict,train,6611,85,32,0.012857358947209198
alt,150,0,30,e0a_2024-12-31,strict,valid,2977,48,26,0.016123614376889486
alt,150,0,30,e0a_2024-12-31,strict,test,4540,95,43,0.02092511013215859
alt,150,0,365,cons_2023-12-31,none,train,9886,133,42,0.013453368399757233
alt,150,0,365,cons_2023-12-31,none,valid,7063,119,37,0.01684836471754212
alt,150,0,365,cons_2023-12-31,none,test,7349,156,56,0.021227377874540754
alt,150,0,365,cons_2023-12-31,strict,train,9886,133,42,0.013453368399757233
alt,150,0,365,cons_2023-12-31,strict,valid,7063,119,37,0.01684836471754212
alt,150,0,365,cons_2023-12-31,strict,test,7349,156,56,0.021227377874540754
alt,150,0,365,e0a_2024-12-31,none,train,9886,133,42,0.013453368399757233
alt,150,0,365,e0a_2024-12-31,none,valid,7063,119,37,0.01684836471754212
alt,150,0,365,e0a_2024-12-31,none,test,8011,162,56,0.020222194482586442
alt,150,0,365,e0a_2024-12-31,strict,train,9886,133,42,0.013453368399757233
alt,150,0,365,e0a_2024-12-31,strict,valid,7063,119,37,0.01684836471754212
alt,150,0,365,e0a_2024-12-31,strict,test,8011,162,56,0.020222194482586442
alt,150,0,730,cons_2023-12-31,none,train,10958,133,42,0.012137251323234167
alt,150,0,730,cons_2023-12-31,none,valid,8561,128,38,0.014951524354631469
alt,150,0,730,cons_2023-12-31,none,test,8870,159,56,0.017925591882750846
alt,150,0,730,cons_2023-12-31,strict,train,10958,133,42,0.012137251323234167
alt,150,0,730,cons_2023-12-31,strict,valid,8561,128,38,0.014951524354631469
alt,150,0,730,cons_2023-12-31,strict,test,8870,159,56,0.017925591882750846
alt,150,0,730,e0a_2024-12-31,none,train,10958,133,42,0.012137251323234167
alt,150,0,730,e0a_2024-12-31,none,valid,8561,128,38,0.014951524354631469
alt,150,0,730,e0a_2024-12-31,none,test,9689,165,56,0.017029621219940137
alt,150,0,730,e0a_2024-12-31,strict,train,10958,133,42,0.012137251323234167
alt,150,0,730,e0a_2024-12-31,strict,valid,8561,128,38,0.014951524354631469
alt,150,0,730,e0a_2024-12-31,strict,test,9689,165,56,0.017029621219940137
alt,150,0,INF,cons_2023-12-31,none,train,11346,133,42,0.01172219284329279
alt,150,0,INF,cons_2023-12-31,none,valid,10914,132,39,0.012094557449147883
alt,150,0,INF,cons_2023-12-31,none,test,12647,161,57,0.012730291768798925
alt,150,0,INF,cons_2023-12-31,strict,train,11346,133,42,0.01172219284329279
alt,150,0,INF,cons_2023-12-31,strict,valid,10914,132,39,0.012094557449147883
alt,150,0,INF,cons_2023-12-31,strict,test,12647,161,57,0.012730291768798925
alt,150,0,INF,e0a_2024-12-31,none,train,11346,133,42,0.01172219284329279
alt,150,0,INF,e0a_2024-12-31,none,valid,10914,132,39,0.012094557449147883
alt,150,0,INF,e0a_2024-12-31,none,test,13899,167,57,0.01201525289589179
alt,150,0,INF,e0a_2024-12-31,strict,train,11346,133,42,0.01172219284329279
alt,150,0,INF,e0a_2024-12-31,strict,valid,10914,132,39,0.012094557449147883
alt,150,0,INF,e0a_2024-12-31,strict,test,13899,167,57,0.01201525289589179
alt,150,30,30,cons_2023-12-31,none,train,6611,67,29,0.010134624111329602
alt,150,30,30,cons_2023-12-31,none,valid,2977,34,19,0.011420893516963387
alt,150,30,30,cons_2023-12-31,none,test,4103,74,37,0.018035583719229833
alt,150,30,30,cons_2023-12-31,strict,train,6611,67,29,0.010134624111329602
alt,150,30,30,cons_2023-12-31,strict,valid,2977,34,19,0.011420893516963387
alt,150,30,30,cons_2023-12-31,strict,test,4103,74,37,0.018035583719229833
alt,150,30,30,e0a_2024-12-31,none,train,6611,67,29,0.010134624111329602
alt,150,30,30,e0a_2024-12-31,none,valid,2977,34,19,0.011420893516963387
alt,150,30,30,e0a_2024-12-31,none,test,4540,79,37,0.01740088105726872
alt,150,30,30,e0a_2024-12-31,strict,train,6611,67,29,0.010134624111329602
alt,150,30,30,e0a_2024-12-31,strict,valid,2977,34,19,0.011420893516963387
alt,150,30,30,e0a_2024-12-31,strict,test,4540,79,37,0.01740088105726872
alt,150,30,365,cons_2023-12-31,none,train,9886,97,35,0.009811855148695125
alt,150,30,365,cons_2023-12-31,none,valid,7063,92,33,0.013025626504318278
alt,150,30,365,cons_2023-12-31,none,test,7349,114,48,0.015512314600625935
alt,150,30,365,cons_2023-12-31,strict,train,9886,97,35,0.009811855148695125
alt,150,30,365,cons_2023-12-31,strict,valid,7063,92,33,0.013025626504318278
alt,150,30,365,cons_2023-12-31,strict,test,7349,114,48,0.015512314600625935
alt,150,30,365,e0a_2024-12-31,none,train,9886,97,35,0.009811855148695125
alt,150,30,365,e0a_2024-12-31,none,valid,7063,92,33,0.013025626504318278
alt,150,30,365,e0a_2024-12-31,none,test,8011,119,48,0.014854574959430782
alt,150,30,365,e0a_2024-12-31,strict,train,9886,97,35,0.009811855148695125
alt,150,30,365,e0a_2024-12-31,strict,valid,7063,92,33,0.013025626504318278
alt,150,30,365,e0a_2024-12-31,strict,test,8011,119,48,0.014854574959430782
alt,150,30,730,cons_2023-12-31,none,train,10958,97,35,0.00885198028837379
alt,150,30,730,cons_2023-12-31,none,valid,8561,99,33,0.011564069618035275
alt,150,30,730,cons_2023-12-31,none,test,8870,117,48,0.013190529875986472
alt,150,30,730,cons_2023-12-31,strict,train,10958,97,35,0.00885198028837379
alt,150,30,730,cons_2023-12-31,strict,valid,8561,99,33,0.011564069618035275
alt,150,30,730,cons_2023-12-31,strict,test,8870,117,48,0.013190529875986472
alt,150,30,730,e0a_2024-12-31,none,train,10958,97,35,0.00885198028837379
alt,150,30,730,e0a_2024-12-31,none,valid,8561,99,33,0.011564069618035275
alt,150,30,730,e0a_2024-12-31,none,test,9689,122,48,0.012591598720198162
alt,150,30,730,e0a_2024-12-31,strict,train,10958,97,35,0.00885198028837379
alt,150,30,730,e0a_2024-12-31,strict,valid,8561,99,33,0.011564069618035275
alt,150,30,730,e0a_2024-12-31,strict,test,9689,122,48,0.012591598720198162
alt,150,30,INF,cons_2023-12-31,none,train,11346,97,35,0.008549268464657148
alt,150,30,INF,cons_2023-12-31,none,valid,10914,103,34,0.009437419827744181
alt,150,30,INF,cons_2023-12-31,none,test,12647,119,49,0.009409346089981814
alt,150,30,INF,cons_2023-12-31,strict,train,11346,97,35,0.008549268464657148
alt,150,30,INF,cons_2023-12-31,strict,valid,10914,103,34,0.009437419827744181
alt,150,30,INF,cons_2023-12-31,strict,test,12647,119,49,0.009409346089981814
alt,150,30,INF,e0a_2024-12-31,none,train,11346,97,35,0.008549268464657148
alt,150,30,INF,e0a_2024-12-31,none,valid,10914,103,34,0.009437419827744181
alt,150,30,INF,e0a_2024-12-31,none,test,13899,124,49,0.008921505144254983
alt,150,30,INF,e0a_2024-12-31,strict,train,11346,97,35,0.008549268464657148
alt,150,30,INF,e0a_2024-12-31,strict,valid,10914,103,34,0.009437419827744181
alt,150,30,INF,e0a_2024-12-31,strict,test,13899,124,49,0.008921505144254983
alt,150,60,30,cons_2023-12-31,none,train,6611,46,21,0.006958100136136742
alt,150,60,30,cons_2023-12-31,none,valid,2977,19,11,0.006382264024185421
alt,150,60,30,cons_2023-12-31,none,test,4103,50,27,0.012186205215695833
alt,150,60,30,cons_2023-12-31,strict,train,6611,46,21,0.006958100136136742
alt,150,60,30,cons_2023-12-31,strict,valid,2977,19,11,0.006382264024185421
alt,150,60,30,cons_2023-12-31,strict,test,4103,50,27,0.012186205215695833
alt,150,60,30,e0a_2024-12-31,none,train,6611,46,21,0.006958100136136742
alt,150,60,30,e0a_2024-12-31,none,valid,2977,19,11,0.006382264024185421
alt,150,60,30,e0a_2024-12-31,none,test,4540,52,27,0.01145374449339207
alt,150,60,30,e0a_2024-12-31,strict,train,6611,46,21,0.006958100136136742
alt,150,60,30,e0a_2024-12-31,strict,valid,2977,19,11,0.006382264024185421
alt,150,60,30,e0a_2024-12-31,strict,test,4540,52,27,0.01145374449339207
alt,150,60,365,cons_2023-12-31,none,train,9886,64,27,0.006473801335221525
alt,150,60,365,cons_2023-12-31,none,valid,7063,66,31,0.009344471187880505
alt,150,60,365,cons_2023-12-31,none,test,7349,76,38,0.010341543067083956
alt,150,60,365,cons_2023-12-31,strict,train,9886,64,27,0.006473801335221525
alt,150,60,365,cons_2023-12-31,strict,valid,7063,66,31,0.009344471187880505
alt,150,60,365,cons_2023-12-31,strict,test,7349,76,38,0.010341543067083956
alt,150,60,365,e0a_2024-12-31,none,train,9886,64,27,0.006473801335221525
alt,150,60,365,e0a_2024-12-31,none,valid,7063,66,31,0.009344471187880505
alt,150,60,365,e0a_2024-12-31,none,test,8011,78,38,0.009736612158282362
alt,150,60,365,e0a_2024-12-31,strict,train,9886,64,27,0.006473801335221525
alt,150,60,365,e0a_2024-12-31,strict,valid,7063,66,31,0.009344471187880505
alt,150,60,365,e0a_2024-12-31,strict,test,8011,78,38,0.009736612158282362
alt,150,60,730,cons_2023-12-31,none,train,10958,64,27,0.005840481839751779
alt,150,60,730,cons_2023-12-31,none,valid,8561,71,31,0.008293423665459643
alt,150,60,730,cons_2023-12-31,none,test,8870,79,39,0.00890642615558061
alt,150,60,730,cons_2023-12-31,strict,train,10958,64,27,0.005840481839751779
alt,150,60,730,cons_2023-12-31,strict,valid,8561,71,31,0.008293423665459643
alt,150,60,730,cons_2023-12-31,strict,test,8870,79,39,0.00890642615558061
alt,150,60,730,e0a_2024-12-31,none,train,10958,64,27,0.005840481839751779
alt,150,60,730,e0a_2024-12-31,none,valid,8561,71,31,0.008293423665459643
alt,150,60,730,e0a_2024-12-31,none,test,9689,81,39,0.008359995871606978
alt,150,60,730,e0a_2024-12-31,strict,train,10958,64,27,0.005840481839751779
alt,150,60,730,e0a_2024-12-31,strict,valid,8561,71,31,0.008293423665459643
alt,150,60,730,e0a_2024-12-31,strict,test,9689,81,39,0.008359995871606978
alt,150,60,INF,cons_2023-12-31,none,train,11346,64,27,0.005640754450907809
alt,150,60,INF,cons_2023-12-31,none,valid,10914,74,32,0.00678028220634048
alt,150,60,INF,cons_2023-12-31,none,test,12647,80,40,0.006325610816794496
alt,150,60,INF,cons_2023-12-31,strict,train,11346,64,27,0.005640754450907809
alt,150,60,INF,cons_2023-12-31,strict,valid,10914,74,32,0.00678028220634048
alt,150,60,INF,cons_2023-12-31,strict,test,12647,80,40,0.006325610816794496
alt,150,60,INF,e0a_2024-12-31,none,train,11346,64,27,0.005640754450907809
alt,150,60,INF,e0a_2024-12-31,none,valid,10914,74,32,0.00678028220634048
alt,150,60,INF,e0a_2024-12-31,none,test,13899,82,40,0.0058997050147492625
alt,150,60,INF,e0a_2024-12-31,strict,train,11346,64,27,0.005640754450907809
alt,150,60,INF,e0a_2024-12-31,strict,valid,10914,74,32,0.00678028220634048
alt,150,60,INF,e0a_2024-12-31,strict,test,13899,82,40,0.0058997050147492625
alt,150,90,30,cons_2023-12-31,none,train,6611,30,18,0.004537891393132658
alt,150,90,30,cons_2023-12-31,none,valid,2977,10,8,0.003359086328518643
alt,150,90,30,cons_2023-12-31,none,test,4103,29,21,0.0070679990251035826
alt,150,90,30,cons_2023-12-31,strict,train,6611,30,18,0.004537891393132658
alt,150,90,30,cons_2023-12-31,strict,valid,2977,10,8,0.003359086328518643
alt,150,90,30,cons_2023-12-31,strict,test,4103,29,21,0.0070679990251035826
alt,150,90,30,e0a_2024-12-31,none,train,6611,30,18,0.004537891393132658
alt,150,90,30,e0a_2024-12-31,none,valid,2977,10,8,0.003359086328518643
alt,150,90,30,e0a_2024-12-31,none,test,4540,30,21,0.006607929515418502
alt,150,90,30,e0a_2024-12-31,strict,train,6611,30,18,0.004537891393132658
alt,150,90,30,e0a_2024-12-31,strict,valid,2977,10,8,0.003359086328518643
alt,150,90,30,e0a_2024-12-31,strict,test,4540,30,21,0.006607929515418502
alt,150,90,365,cons_2023-12-31,none,train,9886,38,22,0.0038438195427877805
alt,150,90,365,cons_2023-12-31,none,valid,7063,41,27,0.005804898768228798
alt,150,90,365,cons_2023-12-31,none,test,7349,43,29,0.005851136209008029
alt,150,90,365,cons_2023-12-31,strict,train,9886,38,22,0.0038438195427877805
alt,150,90,365,cons_2023-12-31,strict,valid,7063,41,27,0.005804898768228798
alt,150,90,365,cons_2023-12-31,strict,test,7349,43,29,0.005851136209008029
alt,150,90,365,e0a_2024-12-31,none,train,9886,38,22,0.0038438195427877805
alt,150,90,365,e0a_2024-12-31,none,valid,7063,41,27,0.005804898768228798
alt,150,90,365,e0a_2024-12-31,none,test,8011,44,29,0.005492447884159281
alt,150,90,365,e0a_2024-12-31,strict,train,9886,38,22,0.0038438195427877805
alt,150,90,365,e0a_2024-12-31,strict,valid,7063,41,27,0.005804898768228798
alt,150,90,365,e0a_2024-12-31,strict,test,8011,44,29,0.005492447884159281
alt,150,90,730,cons_2023-12-31,none,train,10958,38,22,0.003467786092352619
alt,150,90,730,cons_2023-12-31,none,valid,8561,44,27,0.005139586496904568
alt,150,90,730,cons_2023-12-31,none,test,8870,45,30,0.005073280721533258
alt,150,90,730,cons_2023-12-31,strict,train,10958,38,22,0.003467786092352619
alt,150,90,730,cons_2023-12-31,strict,valid,8561,44,27,0.005139586496904568
alt,150,90,730,cons_2023-12-31,strict,test,8870,45,30,0.005073280721533258
alt,150,90,730,e0a_2024-12-31,none,train,10958,38,22,0.003467786092352619
alt,150,90,730,e0a_2024-12-31,none,valid,8561,44,27,0.005139586496904568
alt,150,90,730,e0a_2024-12-31,none,test,9689,46,30,0.00474765197646816
alt,150,90,730,e0a_2024-12-31,strict,train,10958,38,22,0.003467786092352619
alt,150,90,730,e0a_2024-12-31,strict,valid,8561,44,27,0.005139586496904568
alt,150,90,730,e0a_2024-12-31,strict,test,9689,46,30,0.00474765197646816
alt,150,90,INF,cons_2023-12-31,none,train,11346,38,22,0.0033491979552265115
alt,150,90,INF,cons_2023-12-31,none,valid,10914,46,28,0.004214770020157596
alt,150,90,INF,cons_2023-12-31,none,test,12647,45,30,0.0035581560844469046
alt,150,90,INF,cons_2023-12-31,strict,train,11346,38,22,0.0033491979552265115
alt,150,90,INF,cons_2023-12-31,strict,valid,10914,46,28,0.004214770020157596
alt,150,90,INF,cons_2023-12-31,strict,test,12647,45,30,0.0035581560844469046
alt,150,90,INF,e0a_2024-12-31,none,train,11346,38,22,0.0033491979552265115
alt,150,90,INF,e0a_2024-12-31,none,valid,10914,46,28,0.004214770020157596
alt,150,90,INF,e0a_2024-12-31,none,test,13899,46,30,0.003309590618030074
alt,150,90,INF,e0a_2024-12-31,strict,train,11346,38,22,0.0033491979552265115
alt,150,90,INF,e0a_2024-12-31,strict,valid,10914,46,28,0.004214770020157596
alt,150,90,INF,e0a_2024-12-31,strict,test,13899,46,30,0.003309590618030074
alt,365,0,30,cons_2023-12-31,none,train,6611,191,56,0.028891241869611253
alt,365,0,30,cons_2023-12-31,none,valid,2977,128,52,0.04299630500503863
alt,365,0,30,cons_2023-12-31,none,test,2230,113,42,0.050672645739910316
alt,365,0,30,cons_2023-12-31,strict,train,4494,136,43,0.030262572318647086
alt,365,0,30,cons_2023-12-31,strict,valid,797,40,28,0.050188205771643665
alt,365,0,30,cons_2023-12-31,strict,test,2230,113,42,0.050672645739910316
alt,365,0,30,e0a_2024-12-31,none,train,6611,191,56,0.028891241869611253
alt,365,0,30,e0a_2024-12-31,none,valid,2977,128,52,0.04299630500503863
alt,365,0,30,e0a_2024-12-31,none,test,4540,249,74,0.05484581497797357
alt,365,0,30,e0a_2024-12-31,strict,train,4494,136,43,0.030262572318647086
alt,365,0,30,e0a_2024-12-31,strict,valid,797,40,28,0.050188205771643665
alt,365,0,30,e0a_2024-12-31,strict,test,4540,249,74,0.05484581497797357
alt,365,0,365,cons_2023-12-31,none,train,9886,267,64,0.0270078899453773
alt,365,0,365,cons_2023-12-31,none,valid,7063,288,64,0.040775874274387655
alt,365,0,365,cons_2023-12-31,none,test,4102,173,50,0.04217454900048757
alt,365,0,365,cons_2023-12-31,strict,train,6859,187,50,0.027263449482431843
alt,365,0,365,cons_2023-12-31,strict,valid,3923,190,44,0.04843232220239613
alt,365,0,365,cons_2023-12-31,strict,test,4102,173,50,0.04217454900048757
alt,365,0,365,e0a_2024-12-31,none,train,9886,267,64,0.0270078899453773
alt,365,0,365,e0a_2024-12-31,none,valid,7063,288,64,0.040775874274387655
alt,365,0,365,e0a_2024-12-31,none,test,8011,346,81,0.043190612907252526
alt,365,0,365,e0a_2024-12-31,strict,train,6859,187,50,0.027263449482431843
alt,365,0,365,e0a_2024-12-31,strict,valid,3923,190,44,0.04843232220239613
alt,365,0,365,e0a_2024-12-31,strict,test,8011,346,81,0.043190612907252526
alt,365,0,730,cons_2023-12-31,none,train,10958,267,64,0.024365760175214454
alt,365,0,730,cons_2023-12-31,none,valid,8561,299,65,0.03492582642214694
alt,365,0,730,cons_2023-12-31,none,test,4780,181,52,0.037866108786610876
alt,365,0,730,cons_2023-12-31,strict,train,7390,187,50,0.025304465493910692
alt,365,0,730,cons_2023-12-31,strict,valid,4895,201,45,0.041062308478038816
alt,365,0,730,cons_2023-12-31,strict,test,4780,181,52,0.037866108786610876
alt,365,0,730,e0a_2024-12-31,none,train,10958,267,64,0.024365760175214454
alt,365,0,730,e0a_2024-12-31,none,valid,8561,299,65,0.03492582642214694
alt,365,0,730,e0a_2024-12-31,none,test,9689,362,83,0.03736195685829291
alt,365,0,730,e0a_2024-12-31,strict,train,7390,187,50,0.025304465493910692
alt,365,0,730,e0a_2024-12-31,strict,valid,4895,201,45,0.041062308478038816
alt,365,0,730,e0a_2024-12-31,strict,test,9689,362,83,0.03736195685829291
alt,365,0,INF,cons_2023-12-31,none,train,11346,267,64,0.023532522474881017
alt,365,0,INF,cons_2023-12-31,none,valid,10914,304,65,0.02785413230712846
alt,365,0,INF,cons_2023-12-31,none,test,6653,181,52,0.027205771832256125
alt,365,0,INF,cons_2023-12-31,strict,train,7461,187,50,0.025063664388151722
alt,365,0,INF,cons_2023-12-31,strict,valid,6000,202,45,0.033666666666666664
alt,365,0,INF,cons_2023-12-31,strict,test,6653,181,52,0.027205771832256125
alt,365,0,INF,e0a_2024-12-31,none,train,11346,267,64,0.023532522474881017
alt,365,0,INF,e0a_2024-12-31,none,valid,10914,304,65,0.02785413230712846
alt,365,0,INF,e0a_2024-12-31,none,test,13899,364,83,0.02618893445571624
alt,365,0,INF,e0a_2024-12-31,strict,train,7461,187,50,0.025063664388151722
alt,365,0,INF,e0a_2024-12-31,strict,valid,6000,202,45,0.033666666666666664
alt,365,0,INF,e0a_2024-12-31,strict,test,13899,364,83,0.02618893445571624
alt,365,30,30,cons_2023-12-31,none,train,6611,173,53,0.02616850703373166
alt,365,30,30,cons_2023-12-31,none,valid,2977,114,47,0.03829358414511253
alt,365,30,30,cons_2023-12-31,none,test,2230,107,40,0.04798206278026906
alt,365,30,30,cons_2023-12-31,strict,train,4494,122,41,0.027147307521139297
alt,365,30,30,cons_2023-12-31,strict,valid,797,32,24,0.04015056461731493
alt,365,30,30,cons_2023-12-31,strict,test,2230,107,40,0.04798206278026906
alt,365,30,30,e0a_2024-12-31,none,train,6611,173,53,0.02616850703373166
alt,365,30,30,e0a_2024-12-31,none,valid,2977,114,47,0.03829358414511253
alt,365,30,30,e0a_2024-12-31,none,test,4540,233,72,0.0513215859030837
alt,365,30,30,e0a_2024-12-31,strict,train,4494,122,41,0.027147307521139297
alt,365,30,30,e0a_2024-12-31,strict,valid,797,32,24,0.04015056461731493
alt,365,30,30,e0a_2024-12-31,strict,test,4540,233,72,0.0513215859030837
alt,365,30,365,cons_2023-12-31,none,train,9886,231,60,0.023366376694315193
alt,365,30,365,cons_2023-12-31,none,valid,7063,261,63,0.036953136061163815
alt,365,30,365,cons_2023-12-31,none,test,4102,152,46,0.03705509507557289
alt,365,30,365,cons_2023-12-31,strict,train,6859,159,47,0.023181221752442048
alt,365,30,365,cons_2023-12-31,strict,valid,3923,172,44,0.04384399694111649
alt,365,30,365,cons_2023-12-31,strict,test,4102,152,46,0.03705509507557289
alt,365,30,365,e0a_2024-12-31,none,train,9886,231,60,0.023366376694315193
alt,365,30,365,e0a_2024-12-31,none,valid,7063,261,63,0.036953136061163815
alt,365,30,365,e0a_2024-12-31,none,test,8011,303,77,0.037822993384096865
alt,365,30,365,e0a_2024-12-31,strict,train,6859,159,47,0.023181221752442048
alt,365,30,365,e0a_2024-12-31,strict,valid,3923,172,44,0.04384399694111649
alt,365,30,365,e0a_2024-12-31,strict,test,8011,303,77,0.037822993384096865
alt,365,30,730,cons_2023-12-31,none,train,10958,231,60,0.02108048914035408
alt,365,30,730,cons_2023-12-31,none,valid,8561,270,64,0.03153837168555075
alt,365,30,730,cons_2023-12-31,none,test,4780,160,48,0.03347280334728033
alt,365,30,730,cons_2023-12-31,strict,train,7390,159,47,0.021515561569688767
alt,365,30,730,cons_2023-12-31,strict,valid,4895,181,45,0.03697650663942799
alt,365,30,730,cons_2023-12-31,strict,test,4780,160,48,0.03347280334728033
alt,365,30,730,e0a_2024-12-31,none,train,10958,231,60,0.02108048914035408
alt,365,30,730,e0a_2024-12-31,none,valid,8561,270,64,0.03153837168555075
alt,365,30,730,e0a_2024-12-31,none,test,9689,319,79,0.032923934358550934
alt,365,30,730,e0a_2024-12-31,strict,train,7390,159,47,0.021515561569688767
alt,365,30,730,e0a_2024-12-31,strict,valid,4895,181,45,0.03697650663942799
alt,365,30,730,e0a_2024-12-31,strict,test,9689,319,79,0.032923934358550934
alt,365,30,INF,cons_2023-12-31,none,train,11346,231,60,0.020359598096245372
alt,365,30,INF,cons_2023-12-31,none,valid,10914,275,64,0.02519699468572476
alt,365,30,INF,cons_2023-12-31,none,test,6653,160,48,0.024049301067187733
alt,365,30,INF,cons_2023-12-31,strict,train,7461,159,47,0.021310816244471252
alt,365,30,INF,cons_2023-12-31,strict,valid,6000,182,45,0.030333333333333334
alt,365,30,INF,cons_2023-12-31,strict,test,6653,160,48,0.024049301067187733
alt,365,30,INF,e0a_2024-12-31,none,train,11346,231,60,0.020359598096245372
alt,365,30,INF,e0a_2024-12-31,none,valid,10914,275,64,0.02519699468572476
alt,365,30,INF,e0a_2024-12-31,none,test,13899,321,79,0.02309518670407943
alt,365,30,INF,e0a_2024-12-31,strict,train,7461,159,47,0.021310816244471252
alt,365,30,INF,e0a_2024-12-31,strict,valid,6000,182,45,0.030333333333333334
alt,365,30,INF,e0a_2024-12-31,strict,test,13899,321,79,0.02309518670407943
alt,365,60,30,cons_2023-12-31,none,train,6611,152,49,0.0229919830585388
alt,365,60,30,cons_2023-12-31,none,valid,2977,99,42,0.033254954652334565
alt,365,60,30,cons_2023-12-31,none,test,2230,96,35,0.04304932735426009
alt,365,60,30,cons_2023-12-31,strict,train,4494,104,37,0.023141967067200713
alt,365,60,30,cons_2023-12-31,strict,valid,797,27,19,0.033877038895859475
alt,365,60,30,cons_2023-12-31,strict,test,2230,96,35,0.04304932735426009
alt,365,60,30,e0a_2024-12-31,none,train,6611,152,49,0.0229919830585388
alt,365,60,30,e0a_2024-12-31,none,valid,2977,99,42,0.033254954652334565
alt,365,60,30,e0a_2024-12-31,none,test,4540,206,65,0.04537444933920705
alt,365,60,30,e0a_2024-12-31,strict,train,4494,104,37,0.023141967067200713
alt,365,60,30,e0a_2024-12-31,strict,valid,797,27,19,0.033877038895859475
alt,365,60,30,e0a_2024-12-31,strict,test,4540,206,65,0.04537444933920705
alt,365,60,365,cons_2023-12-31,none,train,9886,198,55,0.020028322880841595
alt,365,60,365,cons_2023-12-31,none,valid,7063,235,63,0.03327198074472604
alt,365,60,365,cons_2023-12-31,none,test,4102,133,44,0.032423208191126277
alt,365,60,365,cons_2023-12-31,strict,train,6859,134,42,0.01953637556495116
alt,365,60,365,cons_2023-12-31,strict,valid,3923,156,44,0.03976548559775682
alt,365,60,365,cons_2023-12-31,strict,test,4102,133,44,0.032423208191126277
alt,365,60,365,e0a_2024-12-31,none,train,9886,198,55,0.020028322880841595
alt,365,60,365,e0a_2024-12-31,none,valid,7063,235,63,0.03327198074472604
alt,365,60,365,e0a_2024-12-31,none,test,8011,262,74,0.03270503058294844
alt,365,60,365,e0a_2024-12-31,strict,train,6859,134,42,0.01953637556495116
alt,365,60,365,e0a_2024-12-31,strict,valid,3923,156,44,0.03976548559775682
alt,365,60,365,e0a_2024-12-31,strict,test,8011,262,74,0.03270503058294844
alt,365,60,730,cons_2023-12-31,none,train,10958,198,55,0.018068990691732068
alt,365,60,730,cons_2023-12-31,none,valid,8561,242,64,0.02826772573297512
alt,365,60,730,cons_2023-12-31,none,test,4780,141,46,0.029497907949790795
alt,365,60,730,cons_2023-12-31,strict,train,7390,134,42,0.018132611637347768
alt,365,60,730,cons_2023-12-31,strict,valid,4895,163,45,0.03329928498467824
alt,365,60,730,cons_2023-12-31,strict,test,4780,141,46,0.029497907949790795
alt,365,60,730,e0a_2024-12-31,none,train,10958,198,55,0.018068990691732068
alt,365,60,730,e0a_2024-12-31,none,valid,8561,242,64,0.02826772573297512
alt,365,60,730,e0a_2024-12-31,none,test,9689,278,77,0.02869233150995975
alt,365,60,730,e0a_2024-12-31,strict,train,7390,134,42,0.018132611637347768
alt,365,60,730,e0a_2024-12-31,strict,valid,4895,163,45,0.03329928498467824
alt,365,60,730,e0a_2024-12-31,strict,test,9689,278,77,0.02869233150995975
alt,365,60,INF,cons_2023-12-31,none,train,11346,198,55,0.017451084082496033
alt,365,60,INF,cons_2023-12-31,none,valid,10914,246,64,0.022539857064321055
alt,365,60,INF,cons_2023-12-31,none,test,6653,141,46,0.02119344656545919
alt,365,60,INF,cons_2023-12-31,strict,train,7461,134,42,0.01796005897332797
alt,365,60,INF,cons_2023-12-31,strict,valid,6000,164,45,0.027333333333333334
alt,365,60,INF,cons_2023-12-31,strict,test,6653,141,46,0.02119344656545919
alt,365,60,INF,e0a_2024-12-31,none,train,11346,198,55,0.017451084082496033
alt,365,60,INF,e0a_2024-12-31,none,valid,10914,246,64,0.022539857064321055
alt,365,60,INF,e0a_2024-12-31,none,test,13899,279,77,0.02007338657457371
alt,365,60,INF,e0a_2024-12-31,strict,train,7461,134,42,0.01796005897332797
alt,365,60,INF,e0a_2024-12-31,strict,valid,6000,164,45,0.027333333333333334
alt,365,60,INF,e0a_2024-12-31,strict,test,13899,279,77,0.02007338657457371
alt,365,90,30,cons_2023-12-31,none,train,6611,136,47,0.020571774315534714
alt,365,90,30,cons_2023-12-31,none,valid,2977,90,40,0.030231776956667785
alt,365,90,30,cons_2023-12-31,none,test,2230,86,32,0.03856502242152467
alt,365,90,30,cons_2023-12-31,strict,train,4494,92,35,0.020471740097908322
alt,365,90,30,cons_2023-12-31,strict,valid,797,25,18,0.03136762860727729
alt,365,90,30,cons_2023-12-31,strict,test,2230,86,32,0.03856502242152467
alt,365,90,30,e0a_2024-12-31,none,train,6611,136,47,0.020571774315534714
alt,365,90,30,e0a_2024-12-31,none,valid,2977,90,40,0.030231776956667785
alt,365,90,30,e0a_2024-12-31,none,test,4540,184,62,0.04052863436123348
alt,365,90,30,e0a_2024-12-31,strict,train,4494,92,35,0.020471740097908322
alt,365,90,30,e0a_2024-12-31,strict,valid,797,25,18,0.03136762860727729
alt,365,90,30,e0a_2024-12-31,strict,test,4540,184,62,0.04052863436123348
alt,365,90,365,cons_2023-12-31,none,train,9886,172,52,0.017398341088407848
alt,365,90,365,cons_2023-12-31,none,valid,7063,210,62,0.02973240832507433
alt,365,90,365,cons_2023-12-31,none,test,4102,115,37,0.0280351048269137
alt,365,90,365,cons_2023-12-31,strict,train,6859,116,39,0.01691208630995772
alt,365,90,365,cons_2023-12-31,strict,valid,3923,139,43,0.035432067295437165
alt,365,90,365,cons_2023-12-31,strict,test,4102,115,37,0.0280351048269137
alt,365,90,365,e0a_2024-12-31,none,train,9886,172,52,0.017398341088407848
alt,365,90,365,e0a_2024-12-31,none,valid,7063,210,62,0.02973240832507433
alt,365,90,365,e0a_2024-12-31,none,test,8011,228,67,0.028460866308825366
alt,365,90,365,e0a_2024-12-31,strict,train,6859,116,39,0.01691208630995772
alt,365,90,365,e0a_2024-12-31,strict,valid,3923,139,43,0.035432067295437165
alt,365,90,365,e0a_2024-12-31,strict,test,8011,228,67,0.028460866308825366
alt,365,90,730,cons_2023-12-31,none,train,10958,172,52,0.015696294944332907
alt,365,90,730,cons_2023-12-31,none,valid,8561,215,63,0.025113888564420043
alt,365,90,730,cons_2023-12-31,none,test,4780,123,39,0.025732217573221756
alt,365,90,730,cons_2023-12-31,strict,train,7390,116,39,0.015696887686062245
alt,365,90,730,cons_2023-12-31,strict,valid,4895,144,44,0.029417773237997956
alt,365,90,730,cons_2023-12-31,strict,test,4780,123,39,0.025732217573221756
alt,365,90,730,e0a_2024-12-31,none,train,10958,172,52,0.015696294944332907
alt,365,90,730,e0a_2024-12-31,none,valid,8561,215,63,0.025113888564420043
alt,365,90,730,e0a_2024-12-31,none,test,9689,243,70,0.025079987614820932
alt,365,90,730,e0a_2024-12-31,strict,train,7390,116,39,0.015696887686062245
alt,365,90,730,e0a_2024-12-31,strict,valid,4895,144,44,0.029417773237997956
alt,365,90,730,e0a_2024-12-31,strict,test,9689,243,70,0.025079987614820932
alt,365,90,INF,cons_2023-12-31,none,train,11346,172,52,0.015159527586814736
alt,365,90,INF,cons_2023-12-31,none,valid,10914,218,63,0.01997434487813817
alt,365,90,INF,cons_2023-12-31,none,test,6653,123,39,0.018487900195400572
alt,365,90,INF,cons_2023-12-31,strict,train,7461,116,39,0.015547513738104812
alt,365,90,INF,cons_2023-12-31,strict,valid,6000,145,44,0.024166666666666666
alt,365,90,INF,cons_2023-12-31,strict,test,6653,123,39,0.018487900195400572
alt,365,90,INF,e0a_2024-12-31,none,train,11346,172,52,0.015159527586814736
alt,365,90,INF,e0a_2024-12-31,none,valid,10914,218,63,0.01997434487813817
alt,365,90,INF,e0a_2024-12-31,none,test,13899,243,70,0.01748327217785452
alt,365,90,INF,e0a_2024-12-31,strict,train,7461,116,39,0.015547513738104812
alt,365,90,INF,e0a_2024-12-31,strict,valid,6000,145,44,0.024166666666666666
alt,365,90,INF,e0a_2024-12-31,strict,test,13899,243,70,0.01748327217785452
